学校コード,学校種,都道府県番号,設置区分１,本分校,学校名,学校所在地,郵便番号,属性情報設定年月日,属性情報廃止年月日,旧学校調査番号,移行後の学校コード
F101110100010,F1,01,1,1,北海道大学,札幌市北区北８条西５丁目,0600808,2021-01-20,,0100,
F101110100029,F1,01,1,1,北海道教育大学,札幌市北区あいの里５条３－１－３,0028501,2021-01-20,,0104,
F101110100038,F1,01,1,1,室蘭工業大学,室蘭市水元町２７－１,0508585,2021-01-20,,0108,
F101110100047,F1,01,1,1,小樽商科大学,小樽市緑３－５－２１,0478501,2021-01-20,,0112,
F101110100056,F1,01,1,1,帯広畜産大学,帯広市稲田町西２線１１,0800834,2021-01-20,,0116,
F101110100065,F1,01,1,1,北見工業大学,北見市公園町１６５,0908507,2021-01-20,,0120,
F101110100074,F1,01,1,1,旭川医科大学,旭川市緑が丘東２条１－１－１,0788510,2021-01-20,,0404,
F101210100081,F1,01,2,1,札幌医科大学,札幌市中央区南１条西１７－２９１,0608556,2021-01-20,,1100,
F101210100090,F1,01,2,1,公立はこだて未来大学,函館市亀田中野町１１６－２,0410803,2021-01-20,,1102,
F101210100107,F1,01,2,1,釧路公立大学,釧路市芦野４－１－１,0850061,2021-01-20,,1104,
F101210100116,F1,01,2,1,名寄市立大学,名寄市西４条北８丁目１,0968641,2021-01-20,,1105,
F101210100125,F1,01,2,1,札幌市立大学,札幌市南区芸術の森１丁目,0050864,2021-01-20,,1106,
F101210100134,F1,01,2,1,公立千歳科学技術大学,千歳市美々７５８－６５,0668655,2021-01-20,,1107,
F101310100141,F1,01,3,1,札幌大学,札幌市豊平区西岡３条７丁目３－１,0628520,2021-01-20,,2001,
F101310100150,F1,01,3,1,札幌学院大学,江別市文京台１１,0698555,2021-01-20,,2002,
F101310100169,F1,01,3,1,函館大学,函館市高丘町５１－１,0420955,2021-01-20,,2003,
F101310100178,F1,01,3,1,藤女子大学,札幌市北区北１６西２－１－１,0010016,2021-01-20,,2004,
F101310100187,F1,01,3,1,北星学園大学,札幌市厚別区大谷地西２－３－１,0048631,2021-01-20,,2005,
F101310100196,F1,01,3,1,北海学園大学,札幌市豊平区旭町４丁目１－４０,0628605,2021-01-20,,2006,
F101310100203,F1,01,3,1,北海道科学大学,札幌市手稲区前田７条１５－４－１,0068585,2021-01-20,,2007,
F101310100212,F1,01,3,1,酪農学園大学,江別市文京台緑町５８２番地,0698501,2021-01-20,,2008,
F101310100221,F1,01,3,1,旭川大学,旭川市永山３条２３－１－９,0798413,2021-01-20,,2009,
F101310100230,F1,01,3,1,北海道医療大学,石狩郡当別町字金沢１７５７,0610293,2021-01-20,,2011,
F101310100249,F1,01,3,1,北海商科大学,札幌市豊平区豊平６－６－１０,0628607,2021-01-20,,2012,
F101310100258,F1,01,3,1,星槎道都大学,北広島市中の沢149,0611196,2021-01-20,,2014,
F101310100267,F1,01,3,1,北海道情報大学,江別市西野幌５９－２,0698585,2021-01-20,,2015,
F101310100276,F1,01,3,1,札幌国際大学,札幌市清田区清田4条1丁目4-1,0048602,2021-01-20,,2016,
F101310100285,F1,01,3,1,北翔大学,江別市文京台２３,0698511,2021-01-20,,2017,
F101310100294,F1,01,3,1,北洋大学,苫小牧市錦西町３丁目２番１号,0591266,2021-01-20,,2019,
F101310100301,F1,01,3,1,日本赤十字北海道看護大学,北見市曙町６６４番１,0900011,2021-01-20,,2020,
F101310100310,F1,01,3,1,北海道文教大学,恵庭市黄金中央５丁目１９６番地１,0611449,2021-01-20,,2021,
F101310100329,F1,01,3,1,天使大学,札幌市東区北１３条東３丁目１番３０号,0650013,2021-01-20,,2022,
F101310100338,F1,01,3,1,育英館大学,稚内市若葉台１丁目２２９０番地２８,0970013,2021-01-20,,2023,
F101310100347,F1,01,3,1,札幌大谷大学,札幌市東区北１６条東９丁目,0650016,2021-01-20,,2025,
F101310100356,F1,01,3,1,札幌保健医療大学,札幌市東区中沼西４条２－１－１５,0070894,2021-01-20,,2026,
F101310100365,F1,01,3,1,日本医療大学,札幌市豊平区月寒東3条11丁目50号,0620053,2021-01-20,,2027,
F101310100374,F1,01,3,1,北海道千歳リハビリテーション大学,千歳市里美２－１０,0660055,2021-01-20,,2028,
F201310100382,F2,01,3,1,旭川大学短期大学部,旭川市永山３条２３－１－９,0798413,2021-01-20,,5001,
F201310100391,F2,01,3,1,帯広大谷短期大学,河東郡音更町希望が丘３－３,0800335,2021-01-20,,5004,
F201310100408,F2,01,3,1,釧路短期大学,釧路市緑ケ岡１－１０－４２,0850814,2021-01-20,,5005,
F201310100417,F2,01,3,1,光塩学園女子短期大学,札幌市南区真駒内上町３－１－１,0050012,2021-01-20,,5006,
F201310100426,F2,01,3,1,札幌大谷大学短期大学部,札幌市東区北１６条東９丁目,0650016,2021-01-20,,5007,
F201310100435,F2,01,3,1,函館大谷短期大学,函館市鍛治１－２－３,0410852,2021-01-20,,5012,
F201310100444,F2,01,3,1,函館短期大学,函館市高丘町５２－１,0420955,2021-01-20,,5013,
F201310100453,F2,01,3,1,北星学園大学短期大学部,札幌市厚別区大谷地西２－３－１,0048631,2021-01-20,,5015,
F201310100462,F2,01,3,9,北海道科学大学短期大学部,札幌市手稲区前田７条１５－４－１,0068585,2021-01-20,2022-05-01,5019,
F201310100471,F2,01,3,1,北翔大学短期大学部,江別市文京台２３,0690833,2021-01-20,,5020,
F201310100480,F2,01,3,1,拓殖大学北海道短期大学,深川市深川町メム４５５８－１,0740000,2021-01-20,,5021,
F201310100499,F2,01,3,1,北海道武蔵女子短期大学,札幌市北区北二二条西１３,0010022,2021-01-20,,5022,
F201310100505,F2,01,3,1,札幌大学女子短期大学部,札幌市豊平区西岡三条７－３－１,0628520,2021-01-20,,5025,
F201310100514,F2,01,3,1,札幌国際大学短期大学部,札幌市清田区清田4条1丁目4-1,0048602,2021-01-20,,5026,
F201310100523,F2,01,3,1,國學院大學北海道短期大学部,滝川市文京町３－１－１,0730014,2021-01-20,,5029,
G101110100535,G1,01,1,1,函館工業高等専門学校,函館市戸倉町１４番１号,0428501,2021-01-20,,6500,
G101110100544,G1,01,1,1,苫小牧工業高等専門学校,苫小牧市字錦岡４４３,0591275,2021-01-20,,6504,
G101110100553,G1,01,1,1,釧路工業高等専門学校,釧路市大楽毛西２－３２－１,0840916,2021-01-20,,6508,
G101110100562,G1,01,1,1,旭川工業高等専門学校,旭川市春光台２条２－１－６,0718142,2021-01-20,,6512,
F102110100572,F1,02,1,1,弘前大学,弘前市文京町１,0368560,2021-01-20,,0124,
F102210100589,F1,02,2,1,青森公立大学,青森市大字合子沢字山崎１５３－４,0300196,2021-01-20,,1112,
F102210100598,F1,02,2,1,青森県立保健大学,青森市大字浜館字間瀬５８番地の１,0300947,2021-01-20,,1113,
F102310100603,F1,02,3,1,青森大学,青森市幸畑２－３－１,0300943,2021-01-20,,2039,
F102310100612,F1,02,3,1,柴田学園大学,弘前市清原1丁目1-16,0368530,2021-01-20,,2040,
F102310100621,F1,02,3,1,弘前学院大学,弘前市稔町１３－１,0368577,2021-01-20,,2041,
F102310100630,F1,02,3,1,八戸工業大学,八戸市大字妙字大開８８の１,0310814,2021-01-20,,2042,
F102310100649,F1,02,3,1,八戸学院大学,八戸市大字美保野１３－９８,0310844,2021-01-20,,2043,
F102310100658,F1,02,3,1,青森中央学院大学,青森市大字横内字神田１２,0300132,2021-01-20,,2044,
F102310100667,F1,02,3,1,弘前医療福祉大学,弘前市大字小比内三丁目１８番地１,0368102,2021-01-20,,2045,
F202310100675,F2,02,3,1,青森明の星短期大学,青森市浪打２－６－３２,0300961,2021-01-20,,5039,
F202310100684,F2,02,3,1,東北女子短期大学,弘前市上瓦ケ町２５,0368013,2021-01-20,,5041,
F202310100693,F2,02,3,1,青森中央短期大学,青森市大字横内字神田１２－１,0300132,2021-01-20,,5043,
F202310100700,F2,02,3,1,八戸学院大学短期大学部,八戸市大字美保野１３－３８４,0310844,2021-01-20,,5044,
F202310100719,F2,02,3,1,弘前医療福祉大学短期大学部,弘前市小比内3丁目18-1,0368102,2021-01-20,,5045,
G102110100721,G1,02,1,1,八戸工業高等専門学校,八戸市大字田面木字上野平１６－１,0391192,2021-01-20,,6516,
F103110100731,F1,03,1,1,岩手大学,盛岡市上田３－１８－８,0208550,2021-01-20,,0128,
F103210100748,F1,03,2,1,岩手県立大学,滝沢市巣子１５２－５２,0200693,2021-01-20,,1114,
F103310100755,F1,03,3,1,岩手医科大学,紫波郡矢巾町医大通一丁目1番1号,0283694,2021-01-20,,2052,
F103310100764,F1,03,3,1,富士大学,花巻市下根子４５０－３,0250025,2021-01-20,,2053,
F103310100773,F1,03,3,1,盛岡大学,滝沢市砂込８０８,0200694,2021-01-20,,2054,
F103310100782,F1,03,3,1,岩手保健医療大学,盛岡市盛岡駅西通一丁目6番30号,0200045,2021-01-20,,2055,
F203210100792,F2,03,2,1,岩手県立大学盛岡短期大学部,滝沢市巣子１５２－５２,0200693,2021-01-20,,4360,
F203210100809,F2,03,2,1,岩手県立大学宮古短期大学部,宮古市河南一丁目５番１号,0270039,2021-01-20,,4362,
F203310100816,F2,03,3,1,修紅短期大学,一関市萩荘字竹際４９－１,0210902,2021-01-20,,5052,
F203310100825,F2,03,3,1,盛岡大学短期大学部,滝沢市砂込808,0200694,2021-01-20,,5053,
F203310100834,F2,03,3,9,岩手看護短期大学,滝沢市大釜千が窪１４－１,0200751,2021-01-20,2021-05-27,5055,
G103110100846,G1,03,1,1,一関工業高等専門学校,一関市萩荘字高梨,0218511,2021-01-20,,6520,
F104110100856,F1,04,1,1,東北大学,仙台市青葉区片平２－１－１,9808577,2021-01-20,,0132,
F104110100865,F1,04,1,1,宮城教育大学,仙台市青葉区荒巻字青葉１４９,9800845,2021-01-20,,0136,
F104210100872,F1,04,2,1,宮城大学,黒川郡大和町学苑１－１,9813298,2021-01-20,,1116,
F104310100889,F1,04,3,1,仙台大学,柴田郡柴田町船岡南２－２－１８,9891603,2021-01-20,,2061,
F104310100898,F1,04,3,1,東北学院大学,仙台市青葉区土樋１－３－１,9808511,2021-01-20,,2062,
F104310100905,F1,04,3,1,東北工業大学,仙台市太白区八木山香澄町３５－１,9828577,2021-01-20,,2063,
F104310100914,F1,04,3,1,東北福祉大学,仙台市青葉区国見１－８－１,9818522,2021-01-20,,2064,
F104310100923,F1,04,3,1,東北医科薬科大学,仙台市青葉区小松島４－４－１,9810905,2021-01-20,,2065,
F104310100932,F1,04,3,1,東北生活文化大学,仙台市泉区虹の丘１－１８－２,9818585,2021-01-20,,2066,
F104310100941,F1,04,3,1,宮城学院女子大学,仙台市青葉区桜ケ丘９－１－１,9818557,2021-01-20,,2067,
F104310100950,F1,04,3,1,石巻専修大学,石巻市南境新水戸１,9868580,2021-01-20,,2068,
F104310100969,F1,04,3,1,仙台白百合女子大学,仙台市泉区本田町６－１,9813107,2021-01-20,,2069,
F104310100978,F1,04,3,1,東北文化学園大学,仙台市青葉区国見６丁目４５番１号,9818551,2021-01-20,,2070,
F104310100987,F1,04,3,1,尚絅学院大学,名取市ゆりが丘四丁目１０番１号,9811245,2021-01-20,,2071,
F204310100995,F2,04,3,1,宮城誠真短期大学,大崎市古川福沼１－２７－２,9896105,2021-01-20,,5061,
F204310101002,F2,04,3,1,聖和学園短期大学,仙台市泉区南中山５－５－２,9813213,2021-01-20,,5063,
F204310101011,F2,04,3,1,東北生活文化大学短期大学部,仙台市泉区虹の丘１－１８－２,9818585,2021-01-20,,5065,
F204310101020,F2,04,3,1,仙台青葉学院短期大学,仙台市若林区五橋三丁目５番７５号,9840022,2021-01-20,,5068,
F204310101039,F2,04,3,1,仙台赤門短期大学,仙台市青葉区荒巻字青葉６－４１,9800845,2021-01-20,,5069,
G104110101041,G1,04,1,1,仙台高等専門学校,仙台市青葉区愛子中央４丁目１６番１号,9893128,2021-01-20,,6721,
F105110101051,F1,05,1,1,秋田大学,秋田市手形学園町１－１,0108502,2021-01-20,,0140,
F105210101068,F1,05,2,1,秋田県立大学,秋田市下新城中野字街道端西２４１－４３８,0100195,2021-01-20,,1120,
F105210101077,F1,05,2,1,国際教養大学,秋田市雄和椿川字奥椿岱,0101292,2021-01-20,,1121,
F105210101086,F1,05,2,1,秋田公立美術大学,秋田市新屋大川町１２－３,0101632,2021-01-20,,1135,
F105310101093,F1,05,3,1,ノースアジア大学,秋田市下北手桜字守沢４６－１,0108515,2021-01-20,,2080,
F105310101100,F1,05,3,1,秋田看護福祉大学,大館市清水二丁目３番４号,0170046,2021-01-20,,2081,
F105310101119,F1,05,3,1,日本赤十字秋田看護大学,秋田市上北手猿田字苗代沢１７番地３,0101406,2021-01-20,,2082,
F205310101127,F2,05,3,1,秋田栄養短期大学,秋田市下北手桜字守沢４６－１,0108515,2021-01-20,,5080,
F205310101136,F2,05,3,1,聖園学園短期大学,秋田市保戸野すわ町１－５８,0100911,2021-01-20,,5081,
F205310101145,F2,05,3,1,聖霊女子短期大学,秋田市寺内高野１０－３３,0110937,2021-01-20,,5082,
F205310101154,F2,05,3,1,日本赤十字秋田短期大学,秋田市上北手猿田字苗代沢１７－３,0101493,2021-01-20,,5084,
G105110101166,G1,05,1,1,秋田工業高等専門学校,秋田市飯島文京町１－１,0118511,2021-01-20,,6528,
F106110101176,F1,06,1,1,山形大学,山形市小白川町１－４－１２,9900021,2021-01-20,,0144,
F106210101183,F1,06,2,1,山形県立保健医療大学,山形市上柳２６０番地,9902212,2021-01-20,,1122,
F106210101192,F1,06,2,1,山形県立米沢栄養大学,米沢市通町６－１５－１,9920025,2021-01-20,,1123,
F106310101207,F1,06,3,1,東北芸術工科大学,山形市上桜田3－4－5,9909530,2021-01-20,,2090,
F106310101216,F1,06,3,1,東北公益文科大学,酒田市飯森山三丁目５番地の１,9988580,2021-01-20,,2091,
F106310101225,F1,06,3,1,東北文教大学,山形市片谷地５１５,9902316,2021-01-20,,2092,
F206210101235,F2,06,2,1,山形県立米沢女子短期大学,米沢市通町６－１５－１,9920025,2021-01-20,,4372,
F206310101242,F2,06,3,1,羽陽学園短期大学,天童市大字清池１５５９,9940065,2021-01-20,,5090,
F206310101251,F2,06,3,1,東北文教大学短期大学部,山形市片谷地５１５,9902316,2021-01-20,,5092,
G106110101263,G1,06,1,1,鶴岡工業高等専門学校,鶴岡市井岡字沢田１０４,9978511,2021-01-20,,6532,
F107110101273,F1,07,1,1,福島大学,福島市金谷川１番地,9601296,2021-01-20,,0148,
F107210101280,F1,07,2,1,福島県立医科大学,福島市光が丘１,9601295,2021-01-20,,1124,
F107210101299,F1,07,2,1,会津大学,会津若松市一箕町大字鶴賀字上居合９０,9658580,2021-01-20,,1128,
F107310101304,F1,07,3,1,郡山女子大学,郡山市開成３－２５－２,9638503,2021-01-20,,2100,
F107310101313,F1,07,3,1,奥羽大学,郡山市富田町字三角堂３１－１,9638041,2021-01-20,,2101,
F107310101322,F1,07,3,1,医療創生大学,いわき市中央台飯野５－５－１,9708551,2021-01-20,,2103,
F107310101331,F1,07,3,1,東日本国際大学,いわき市平鎌田字寿金沢３７,9708023,2021-01-20,,2105,
F107310101340,F1,07,3,1,福島学院大学,福島市宮代字乳児池１番地１,9600181,2021-01-20,,2107,
F207210101350,F2,07,2,1,会津大学短期大学部,会津若松市一箕町大字八幡字門田１－１,9650003,2021-01-20,,4376,
F207310101367,F2,07,3,1,郡山女子大学短期大学部,郡山市開成３－２５－２,9638503,2021-01-20,,5093,
F207310101376,F2,07,3,1,桜の聖母短期大学,福島市花園町３－６,9608112,2021-01-20,,5094,
F207310101385,F2,07,3,1,いわき短期大学,いわき市平鎌田字寿金沢３７,9708023,2021-01-20,,5095,
F207310101394,F2,07,3,1,福島学院大学短期大学部,福島市宮代字乳児池１－１,9600181,2021-01-20,,5096,
G107110101404,G1,07,1,1,福島工業高等専門学校,いわき市平上荒川字長尾３０,9708034,2021-01-20,,6536,
F108110101414,F1,08,1,1,茨城大学,水戸市文京２－１－１,3100056,2021-01-20,,0152,
F108110101423,F1,08,1,1,筑波大学,つくば市天王台１丁目１－１,3058577,2021-01-20,,0408,
F108110101432,F1,08,1,1,筑波技術大学,つくば市天久保４－３－１５,3058520,2021-01-20,,0540,
F108210101449,F1,08,2,1,茨城県立医療大学,稲敷郡阿見町阿見字阿見原４６６９－２,3000394,2021-01-20,,1132,
F108310101456,F1,08,3,1,茨城キリスト教大学,日立市大みか町６－１１－１,3191295,2021-01-20,,2113,
F108310101465,F1,08,3,1,流通経済大学,龍ケ崎市平畑１２０,3018555,2021-01-20,,2114,
F108310101474,F1,08,3,1,常磐大学,水戸市見和１－４３０－１,3108585,2021-01-20,,2115,
F108310101483,F1,08,3,1,つくば国際大学,土浦市真鍋６－２０－１,3000051,2021-01-20,,2116,
F108310101492,F1,08,3,1,筑波学院大学,つくば市吾妻３丁目１,3050031,2021-01-20,,2117,
F108310101508,F1,08,3,1,日本ウェルネススポーツ大学,北相馬郡利根町大字布川１３７７番,3001622,2021-01-20,,2118,
F108310111971,F1,08,3,1,アール医療専門職大学,土浦市湖北二丁目１０番３５号,3000032,2022-05-01,,,
F208310101516,F2,08,3,1,茨城女子短期大学,那珂市東木倉９６０－２,3110114,2021-01-20,,5114,
F208310101525,F2,08,3,1,つくば国際短期大学,土浦市真鍋６－２０－１,3000051,2021-01-20,,5115,
F208310101534,F2,08,3,1,常磐短期大学,水戸市見和１－４３０－１,3108585,2021-01-20,,5116,
G108110101546,G1,08,1,1,茨城工業高等専門学校,ひたちなか市中根８６６,3128508,2021-01-20,,6540,
F109110101556,F1,09,1,1,宇都宮大学,宇都宮市峰町３５０,3210943,2021-01-20,,0156,
F109310101561,F1,09,3,1,足利大学,足利市大前町２６８－１,3268558,2021-01-20,,2128,
F109310101570,F1,09,3,1,白鴎大学,小山市駅東通り２－３－５,3230022,2021-01-20,,2130,
F109310101589,F1,09,3,1,作新学院大学,宇都宮市竹下町９０８,3213295,2021-01-20,,2131,
F109310101598,F1,09,3,1,国際医療福祉大学,大田原市北金丸字上ノ原２６００－１,3248501,2021-01-20,,2133,
F109310101605,F1,09,3,1,宇都宮共和大学,宇都宮市大通り１－３－１８,3200811,2021-01-20,,2134,
F109310101614,F1,09,3,1,文星芸術大学,宇都宮市上戸祭四丁目８番１５号,3200058,2021-01-20,,2135,
F109310101623,F1,09,3,1,自治医科大学,下野市薬師寺３３１１－１,3290498,2021-01-20,,2140,
F109310101632,F1,09,3,1,獨協医科大学,下都賀郡壬生町大字北小林８８０,3210293,2021-01-20,,2141,
F209310101640,F2,09,3,1,佐野日本大学短期大学,佐野市高萩町1297,3270821,2021-01-20,,5127,
F209310101659,F2,09,3,1,宇都宮短期大学,宇都宮市下荒針町長坂３８２９,3210346,2021-01-20,,5128,
F209310101668,F2,09,3,1,國學院大學栃木短期大学,栃木市平井町６０８,3288588,2021-01-20,,5129,
F209310101677,F2,09,3,1,作新学院大学女子短期大学部,宇都宮市竹下町９０８,3213295,2021-01-20,,5130,
F209310101686,F2,09,3,1,足利短期大学,足利市本城３－２１２０,3260808,2021-01-20,,5132,
F209310101695,F2,09,3,1,宇都宮文星短期大学,宇都宮市上戸祭４－８－１５,3200058,2021-01-20,,5134,
G109110101705,G1,09,1,1,小山工業高等専門学校,小山市大字中久喜７７１,3230806,2021-01-20,,6544,
F110110101713,F1,10,1,1,群馬大学,前橋市荒牧町４－２,3718510,2021-01-20,,0160,
F110210101720,F1,10,2,1,高崎経済大学,高崎市上並榎町１３００,3700801,2021-01-20,,1136,
F110210101739,F1,10,2,1,前橋工科大学,前橋市上佐鳥町４６０－１,3710816,2021-01-20,,1138,
F110210101748,F1,10,2,1,群馬県立女子大学,佐波郡玉村町大字上之手１３９５－１,3701193,2021-01-20,,1140,
F110210101757,F1,10,2,1,群馬県立県民健康科学大学,前橋市上沖町３２３番１,3710052,2021-01-20,,1142,
F110310101764,F1,10,3,1,育英大学,高崎市京目町１６５６－１,3700011,2021-01-20,,2120,
F110310101773,F1,10,3,1,桐生大学,みどり市笠懸町阿左美６０６番７,3792392 ,2021-01-20,,2121,
F110310101782,F1,10,3,1,群馬パース大学,高崎市問屋町1-7-1,3700006,2021-01-20,,2122,
F110310101791,F1,10,3,1,群馬医療福祉大学,前橋市川曲町１９１－１,3710823,2021-01-20,,2132,
F110310101808,F1,10,3,1,高崎健康福祉大学,高崎市中大類町３７－１番地,3700033,2021-01-20,,2137,
F110310101817,F1,10,3,1,高崎商科大学,高崎市根小屋町７４１番地,3701214,2021-01-20,,2138,
F110310101826,F1,10,3,1,上武大学,伊勢崎市戸谷塚町６３４－１,3728588,2021-01-20,,2139,
F110310101835,F1,10,3,1,関東学園大学,太田市藤阿久町２００,3738515,2021-01-20,,2142,
F110310101844,F1,10,3,1,共愛学園前橋国際大学,前橋市小屋原町１１５４番４,3792121,2021-01-20,,2143,
F210310101852,F2,10,3,1,東京福祉大学短期大学部,伊勢崎市山王町２０２０－１,3720831,2021-01-20,,5112,
F210310101861,F2,10,3,1,群馬医療福祉大学短期大学部,前橋市川曲町１９１－１,3710823,2021-01-20,,5135,
F210310101870,F2,10,3,1,高崎商科大学短期大学部,高崎市根小屋町７４１,3701214,2021-01-20,,5137,
F210310101889,F2,10,3,1,新島学園短期大学,高崎市昭和町５３,3700068,2021-01-20,,5138,
F210310101898,F2,10,3,9,関東短期大学,館林市大谷町６２５,3740051,2021-01-20,2021-05-27,5139,
F210310101905,F2,10,3,1,桐生大学短期大学部,みどり市笠懸町阿左美６０６－７,3792392 ,2021-01-20,,5140,
F210310101914,F2,10,3,1,共愛学園前橋国際大学短期大学部,前橋市昭和町３－７－２７,3710034,2021-01-20,,5142,
F210310101923,F2,10,3,1,育英短期大学,高崎市京目町１６５６－１,3700011,2021-01-20,,5143,
G110110101935,G1,10,1,1,群馬工業高等専門学校,前橋市鳥羽町５８０,3718530,2021-01-20,,6548,
F111110101945,F1,11,1,1,埼玉大学,さいたま市桜区下大久保２５５,3388570,2021-01-20,,0164,
F111210101952,F1,11,2,1,埼玉県立大学,越谷市大字三野宮字御手作８２０番,3430036,2021-01-20,,1143,
F111310101969,F1,11,3,1,日本医療科学大学,入間郡毛呂山町下川原１２７６番地,3500435,2021-01-20,,2119,
F111310101978,F1,11,3,1,日本薬科大学,北足立郡伊奈町小室１０２８１,3620806,2021-01-20,,2125,
F111310101987,F1,11,3,1,武蔵野学院大学,狭山市広瀬台３－２６－１,3501328,2021-01-20,,2126,
F111310101996,F1,11,3,1,浦和大学,さいたま市緑区大崎３５５１番地,3360974,2021-01-20,,2129,
F111310102003,F1,11,3,1,ものつくり大学,行田市大字前谷３３３,3610038,2021-01-20,,2136,
F111310102012,F1,11,3,1,共栄大学,春日部市内牧４１５８番地,3440051,2021-01-20,,2145,
F111310102021,F1,11,3,1,埼玉学園大学,川口市大字木曽呂１５１０番地,3330831,2021-01-20,,2146,
F111310102030,F1,11,3,1,尚美学園大学,川越市豊田町1-1-1,3501110,2021-01-20,,2147,
F111310102049,F1,11,3,1,人間総合科学大学,さいたま市岩槻区馬込１２８８,3398539,2021-01-20,,2148,
F111310102058,F1,11,3,1,西武文理大学,狭山市大字柏原新田字下河原３１１番地１,3501336,2021-01-20,,2149,
F111310102067,F1,11,3,1,十文字学園女子大学,新座市菅沢２－１－２８,3528510,2021-01-20,,2150,
F111310102076,F1,11,3,1,平成国際大学,加須市大字水深字大立野２０００,3478504,2021-01-20,,2151,
F111310102085,F1,11,3,1,東京国際大学,川越市的場北１－１３－１,3501197,2021-01-20,,2153,
F111310102094,F1,11,3,1,城西大学,坂戸市けやき台１－１,3500295,2021-01-20,,2154,
F111310102101,F1,11,3,1,東邦音楽大学,川越市今泉８４,3500015,2021-01-20,,2155,
F111310102110,F1,11,3,1,獨協大学,草加市学園町１－１,3400042,2021-01-20,,2156,
F111310102129,F1,11,3,1,日本工業大学,南埼玉郡宮代町学園台４－１－１,3458501,2021-01-20,,2157,
F111310102138,F1,11,3,1,明海大学,坂戸市けやき台１－１,3500283,2021-01-20,,2159,
F111310102147,F1,11,3,1,埼玉医科大学,入間郡毛呂山町毛呂本郷３８,3500495,2021-01-20,,2160,
F111310102156,F1,11,3,1,埼玉工業大学,深谷市普済寺１６９０,3690203,2021-01-20,,2161,
F111310102165,F1,11,3,1,駿河台大学,飯能市大字阿須字一の木６９８,3578555,2021-01-20,,2162,
F111310102174,F1,11,3,1,聖学院大学,上尾市戸崎１－１,3628585,2021-01-20,,2163,
F111310102183,F1,11,3,1,女子栄養大学,坂戸市千代田３－９－２１,3500288,2021-01-20,,2209,
F111310102192,F1,11,3,1,東都大学,深谷市上柴町西４丁目２番１１,3660052,2021-01-20,,2265,
F111310102209,F1,11,3,1,日本保健医療大学,幸手市大字幸手１９６１－２,3400100,2021-01-20,,2266,
F211310102217,F2,11,3,1,武蔵野短期大学,狭山市広瀬台３－２６－１,3501328,2021-01-20,,5147,
F211310102226,F2,11,3,1,埼玉純真短期大学,羽生市大字下岩瀬字下岩瀬４３０,3480045,2021-01-20,,5148,
F211310102235,F2,11,3,1,城西短期大学,坂戸市けやき台１－１,3500295,2021-01-20,,5149,
F211310102244,F2,11,3,1,国際学院埼玉短期大学,さいたま市大宮区吉敷町２－５,3308548,2021-01-20,,5150,
F211310102253,F2,11,3,9,浦和大学短期大学部,さいたま市緑区大崎３５５１,3360974,2021-01-20,2022-05-01,5152,
F211310102262,F2,11,3,1,秋草学園短期大学,所沢市泉町１７８９,3591112,2021-01-20,,5155,
F211310102271,F2,11,3,1,川口短期大学,川口市大字木曽呂１５１１,3330831,2021-01-20,,5157,
F211310102280,F2,11,3,1,埼玉医科大学短期大学,入間郡毛呂山町毛呂本郷３８,3500495,2021-01-20,,5160,
F211310102299,F2,11,3,1,埼玉女子短期大学,日高市大字女影字小河原１６１６,3501227,2021-01-20,,5161,
F211310102306,F2,11,3,1,山村学園短期大学,比企郡鳩山町石坂６０４,3500311,2021-01-20,,5162,
F211310102315,F2,11,3,1,武蔵丘短期大学,比企郡吉見町大字南吉見字村上１１１－１,3550154,2021-01-20,,5163,
F211310102324,F2,11,3,1,埼玉東萌短期大学,越谷市新越谷２－２１－１,3430857,2021-01-20,,5262,
F112110102337,F1,12,1,1,千葉大学,千葉市稲毛区弥生町１－３３,2638522,2021-01-20,,0168,
F112210102353,F1,12,2,1,千葉県立保健医療大学,千葉市美浜区若葉２丁目１０番１号,2610014,2021-01-20,,1144,
F112310102342,F1,12,3,1,放送大学,千葉市美浜区若葉町２－１１,2610014,2021-01-20,,0991,
F112310102360,F1,12,3,1,千葉科学大学,銚子市潮見町３番地,2880025,2021-01-20,,2123,
F112310102379,F1,12,3,1,愛国学園大学,四街道市四街道１５３２,2840005,2021-01-20,,2166,
F112310102388,F1,12,3,1,開智国際大学,柏市柏１２２５番６,2770005,2021-01-20,,2167,
F112310102397,F1,12,3,1,清和大学,木更津市東太田３－４－５,2928555,2021-01-20,,2168,
F112310102404,F1,12,3,1,城西国際大学,東金市求名１,2838555,2021-01-20,,2170,
F112310102413,F1,12,3,1,淑徳大学,千葉市中央区大巌寺町２００,2608701,2021-01-20,,2171,
F112310102422,F1,12,3,1,敬愛大学,千葉市稲毛区穴川１－５－２１,2630024,2021-01-20,,2172,
F112310102431,F1,12,3,1,千葉工業大学,習志野市津田沼２－１７－１,2750016,2021-01-20,,2173,
F112310102440,F1,12,3,1,千葉商科大学,市川市国府台１－３－１,2728512,2021-01-20,,2174,
F112310102459,F1,12,3,1,中央学院大学,我孫子市久寺家４５１,2701196,2021-01-20,,2175,
F112310102468,F1,12,3,1,麗澤大学,柏市光ケ丘２－１－１,2778686,2021-01-20,,2176,
F112310102477,F1,12,3,1,和洋女子大学,市川市国府台２－３－１,2728533,2021-01-20,,2177,
F112310102486,F1,12,3,1,国際武道大学,勝浦市新官８４１,2995224,2021-01-20,,2180,
F112310102495,F1,12,3,1,神田外語大学,千葉市美浜区若葉１－４－１,2600000,2021-01-20,,2181,
F112310102501,F1,12,3,1,千葉経済大学,千葉市稲毛区轟町３－５９－５,2630021,2021-01-20,,2183,
F112310102510,F1,12,3,1,秀明大学,八千代市大学町１－１,2760003,2021-01-20,,2184,
F112310102529,F1,12,3,1,川村学園女子大学,我孫子市下ケ戸１１３３,2701138,2021-01-20,,2185,
F112310102538,F1,12,3,1,東京情報大学,千葉市若葉区御成台4-1,2658501,2021-01-20,,2186,
F112310102547,F1,12,3,1,東京基督教大学,印西市内野３－３０１－５,2701347,2021-01-20,,2187,
F112310102556,F1,12,3,1,聖徳大学,松戸市岩瀬５５０,2718555,2021-01-20,,2188,
F112310102565,F1,12,3,1,江戸川大学,流山市駒木４７４,2700198,2021-01-20,,2189,
F112310102574,F1,12,3,1,了徳寺大学,浦安市明海5丁目8番1号,2798567,2021-01-20,,2262,
F112310102583,F1,12,3,1,植草学園大学,千葉市若葉区小倉町１６３９番３,2640007,2021-01-20,,2263,
F112310102592,F1,12,3,1,三育学院大学,夷隅郡大多喜町久我原１５００番地,2980200,2021-01-20,,2264,
F112310102609,F1,12,3,1,亀田医療大学,鴨川市横渚４６２番地,2960001,2021-01-20,,2270,
F212310102617,F2,12,3,1,千葉明徳短期大学,千葉市中央区南生実町１４１２,2608685,2021-01-20,,5156,
F212310102626,F2,12,3,1,昭和学院短期大学,市川市東菅野２－１７－１,2720823,2021-01-20,,5171,
F212310102635,F2,12,3,1,聖徳大学短期大学部,松戸市岩瀬５５０,2718555,2021-01-20,,5172,
F212310102644,F2,12,3,1,清和大学短期大学部,木更津市東太田３－４－２,2928511,2021-01-20,,5173,
F212310102653,F2,12,3,1,千葉敬愛短期大学,佐倉市山王１－９,2850807,2021-01-20,,5174,
F212310102662,F2,12,3,1,千葉経済大学短期大学部,千葉市稲毛区轟町3-59-5,2630021,2021-01-20,,5178,
F212310102671,F2,12,3,1,東京経営短期大学,市川市二俣６２５－１,2720001,2021-01-20,,5184,
F212310102680,F2,12,3,1,植草学園短期大学,千葉市若葉区小倉町１６３９番３,2640007,2021-01-20,,5185,
G112110102692,G1,12,1,1,木更津工業高等専門学校,木更津市清見台東２－１１－１,2920041,2021-01-20,,6556,
F113110102700,F1,13,1,1,東京大学,文京区本郷７－３－１,1130033,2021-01-20,,0172,
F113110102719,F1,13,1,1,東京医科歯科大学,文京区湯島１－５－４５,1130034,2021-01-20,,0176,
F113110102728,F1,13,1,1,東京外国語大学,府中市朝日町３－１１－１,1838534,2021-01-20,,0180,
F113110102737,F1,13,1,1,東京芸術大学,台東区上野公園１２－８,1100007,2021-01-20,,0184,
F113110102746,F1,13,1,1,東京工業大学,目黒区大岡山２－１２－１,1528550,2021-01-20,,0192,
F113110102755,F1,13,1,1,お茶の水女子大学,文京区大塚２－１－１,1128610,2021-01-20,,0204,
F113110102764,F1,13,1,1,東京学芸大学,小金井市貫井北町４－１－１,1848501,2021-01-20,,0208,
F113110102773,F1,13,1,1,東京農工大学,府中市晴見町３－８－１,1838538,2021-01-20,,0212,
F113110102782,F1,13,1,1,電気通信大学,調布市調布ケ丘１－５－１,1828585,2021-01-20,,0216,
F113110102791,F1,13,1,1,一橋大学,国立市中２－１,1868601,2021-01-20,,0220,
F113110102808,F1,13,1,1,政策研究大学院大学,港区六本木７－２２－１,1068677,2021-01-20,,0496,
F113110102817,F1,13,1,1,東京海洋大学,港区港南４－５－７,1088477,2021-01-20,,0504,
F113210102824,F1,13,2,1,東京都立大学,八王子市南大沢１丁目１番,1920397,2021-01-20,,1149,
F113210102833,F1,13,2,1,東京都立産業技術大学院大学,品川区東大井一丁目１０番４０号,1400011,2021-01-20,,1154,
F113310102840,F1,13,3,1,東京福祉大学,豊島区東池袋４－２３－１,1708426,2021-01-20,,2144,
F113310102859,F1,13,3,1,跡見学園女子大学,文京区大塚１－５－２,1128687,2021-01-20,,2152,
F113310102868,F1,13,3,1,文教大学,品川区旗の台３－２－１７,1420064,2021-01-20,,2158,
F113310102877,F1,13,3,1,文京学院大学,文京区向丘１－１９－１,1138668,2021-01-20,,2164,
F113310102886,F1,13,3,1,目白大学,新宿区中落合４丁目３１番１号,1618539,2021-01-20,,2165,
F113310102895,F1,13,3,1,東京成徳大学,北区十条台１－７－１３,1140033,2021-01-20,,2169,
F113310102902,F1,13,3,1,東洋学園大学,文京区本郷１－２６－３,1130033,2021-01-20,,2179,
F113310102911,F1,13,3,1,帝京平成大学,豊島区東池袋２－５１－４,1708445,2021-01-20,,2182,
F113310102920,F1,13,3,1,青山学院大学,渋谷区渋谷４－４－２５,1500002,2021-01-20,,2190,
F113310102939,F1,13,3,1,上野学園大学,台東区東上野４－２４－１２,1108642,2021-01-20,,2191,
F113310102948,F1,13,3,1,大妻女子大学,千代田区三番町１２,1028357,2021-01-20,,2192,
F113310102957,F1,13,3,1,学習院大学,豊島区目白１－５－１,1718588,2021-01-20,,2193,
F113310102966,F1,13,3,1,北里大学,港区白金５－９－１,1088641,2021-01-20,,2194,
F113310102975,F1,13,3,1,共立女子大学,千代田区一ツ橋２－２－１,1018437,2021-01-20,,2195,
F113310102984,F1,13,3,1,慶應義塾大学,港区三田２－１５－４５,1088345,2021-01-20,,2197,
F113310102993,F1,13,3,1,工学院大学,新宿区西新宿１－２４－２,1638677,2021-01-20,,2198,
F113310103000,F1,13,3,1,国学院大学,渋谷区東４－１０－２８,1508440,2021-01-20,,2199,
F113310103019,F1,13,3,1,国士舘大学,世田谷区世田谷４－２８－１,1548515,2021-01-20,,2200,
F113310103028,F1,13,3,1,駒澤大学,世田谷区駒沢１－２３－１,1540012,2021-01-20,,2201,
F113310103037,F1,13,3,1,実践女子大学,日野市大坂上４－１－１,1910061,2021-01-20,,2202,
F113310103046,F1,13,3,1,芝浦工業大学,江東区豊洲３－７－５,1358548,2021-01-20,,2203,
F113310103055,F1,13,3,1,順天堂大学,文京区本郷２－１－１,1138421,2021-01-20,,2204,
F113310103064,F1,13,3,1,上智大学,千代田区紀尾井町７－１,1028554,2021-01-20,,2205,
F113310103073,F1,13,3,1,昭和大学,品川区旗の台１－５－８,1428555,2021-01-20,,2206,
F113310103082,F1,13,3,1,昭和女子大学,世田谷区太子堂１－７－５７,1548533,2021-01-20,,2207,
F113310103091,F1,13,3,1,昭和薬科大学,町田市東玉川学園３－３１６５,1948543,2021-01-20,,2208,
F113310103108,F1,13,3,1,女子美術大学,杉並区和田１－４９－８,1668538　,2021-01-20,,2210,
F113310103117,F1,13,3,1,杉野服飾大学,品川区上大崎４－６－１９,1410021,2021-01-20,,2211,
F113310103126,F1,13,3,1,成城大学,世田谷区成城６－１－２０,1578511,2021-01-20,,2212,
F113310103135,F1,13,3,1,聖心女子大学,渋谷区広尾４－３－１,1500012,2021-01-20,,2213,
F113310103144,F1,13,3,1,清泉女子大学,品川区東五反田３－１６－２１,1410022,2021-01-20,,2214,
F113310103153,F1,13,3,1,聖路加国際大学,中央区明石町１０－１,1040044,2021-01-20,,2215,
F113310103162,F1,13,3,1,専修大学,千代田区神田神保町３－８,1018425,2021-01-20,,2216,
F113310103171,F1,13,3,1,大正大学,豊島区西巣鴨３－２０－１,1700001,2021-01-20,,2218,
F113310103180,F1,13,3,1,大東文化大学,板橋区高島平１－９－１,1758571,2021-01-20,,2219,
F113310103199,F1,13,3,1,高千穂大学,杉並区大宮２－１９－１,1680061,2021-01-20,,2220,
F113310103206,F1,13,3,1,拓殖大学,文京区小日向３－４－１４,1120006,2021-01-20,,2221,
F113310103215,F1,13,3,1,多摩美術大学,世田谷区上野毛３－１５－３４,1588558,2021-01-20,,2222,
F113310103224,F1,13,3,1,中央大学,八王子市東中野７４２－１,1920393,2021-01-20,,2223,
F113310103233,F1,13,3,1,東海大学,渋谷区富ヶ谷２－１０－２,1510063,2021-01-20,,2224,
F113310103242,F1,13,3,1,東京医科大学,新宿区新宿６－１－１,1608402,2021-01-20,,2225,
F113310103251,F1,13,3,1,東京家政大学,板橋区加賀１－１８－１,1738602,2021-01-20,,2226,
F113310103260,F1,13,3,1,東京家政学院大学,町田市相原町２６００,1940292,2021-01-20,,2227,
F113310103279,F1,13,3,1,東京歯科大学,千代田区神田三崎町２－９－１８,1010061,2021-01-20,,2228,
F113310103288,F1,13,3,1,東京慈恵会医科大学,港区西新橋３－２５－８,1058461,2021-01-20,,2229,
F113310103297,F1,13,3,1,東京女子大学,杉並区善福寺２－６－１,1670041,2021-01-20,,2230,
F113310103304,F1,13,3,1,東京女子医科大学,新宿区河田町８－１,1620054,2021-01-20,,2231,
F113310103313,F1,13,3,1,東京電機大学,足立区千住旭町5番,1200026,2021-01-20,,2232,
F113310103322,F1,13,3,1,東京農業大学,世田谷区桜丘１－１－１,1560054,2021-01-20,,2233,
F113310103331,F1,13,3,1,東京薬科大学,八王子市堀ノ内１４３２－１,1920355,2021-01-20,,2234,
F113310103340,F1,13,3,1,東京理科大学,新宿区神楽坂１－３,1628601,2021-01-20,,2235,
F113310103359,F1,13,3,1,東邦大学,大田区大森西５－２１－１６,1438540,2021-01-20,,2236,
F113310103368,F1,13,3,1,東洋大学,文京区白山５－２８－２０,1120001,2021-01-20,,2237,
F113310103377,F1,13,3,1,東京音楽大学,目黒区上目黒１－９－１,1538622,2021-01-20,,2238,
F113310103386,F1,13,3,1,二松学舎大学,千代田区三番町６－１６,1028336,2021-01-20,,2239,
F113310103395,F1,13,3,1,日本大学,千代田区九段南４－８－２４,1028275,2021-01-20,,2240,
F113310103402,F1,13,3,1,日本医科大学,文京区千駄木１－１－５,1138602,2021-01-20,,2241,
F113310103411,F1,13,3,1,日本歯科大学,千代田区富士見１－９－２０,1020071,2021-01-20,,2242,
F113310103420,F1,13,3,1,日本社会事業大学,清瀬市竹丘３－１－３０,2040023,2021-01-20,,2243,
F113310103439,F1,13,3,1,日本女子大学,文京区目白台２－８－１,1128681,2021-01-20,,2244,
F113310103448,F1,13,3,1,日本女子体育大学,世田谷区北烏山８－１９－１,1578565,2021-01-20,,2245,
F113310103457,F1,13,3,1,日本体育大学,世田谷区深沢７－１－１,1580081,2021-01-20,,2246,
F113310103466,F1,13,3,1,ルーテル学院大学,三鷹市大沢３－１０－２０,1810015,2021-01-20,,2247,
F113310103475,F1,13,3,1,文化学園大学,渋谷区代々木３－２２－１,1510053,2021-01-20,,2248,
F113310103484,F1,13,3,1,法政大学,千代田区富士見２－１７－１,1028160,2021-01-20,,2249,
F113310103493,F1,13,3,1,星薬科大学,品川区荏原２－４－４１,1420063,2021-01-20,,2250,
F113310103509,F1,13,3,1,武蔵大学,練馬区豊玉上１－２６－１,1768534,2021-01-20,,2251,
F113310103518,F1,13,3,1,東京都市大学,世田谷区玉堤１－２８－１,1580087,2021-01-20,,2252,
F113310103527,F1,13,3,1,武蔵野音楽大学,練馬区羽沢１－１３－１,1768521,2021-01-20,,2253,
F113310103536,F1,13,3,1,明治大学,千代田区神田駿河台１－１,1018301,2021-01-20,,2254,
F113310103545,F1,13,3,1,明治学院大学,港区白金台１－２－３７,1088636,2021-01-20,,2255,
F113310103554,F1,13,3,1,明治薬科大学,清瀬市野塩二丁目５２２－１,2048588,2021-01-20,,2256,
F113310103563,F1,13,3,1,立教大学,豊島区西池袋３－３４－１,1710021,2021-01-20,,2257,
F113310103572,F1,13,3,1,立正大学,品川区大崎４－２－１６,1418602,2021-01-20,,2258,
F113310103581,F1,13,3,1,早稲田大学,新宿区戸塚町１－１０４,1698050,2021-01-20,,2259,
F113310103590,F1,13,3,1,国際仏教学大学院大学,文京区春日２－８－９,1120003,2021-01-20,,2260,
F113310103607,F1,13,3,1,学習院女子大学,新宿区戸山３丁目２０－１,1620052,2021-01-20,,2261,
F113310103616,F1,13,3,1,東京国際工科専門職大学,新宿区西新宿１－７－３ ,1600023,2021-01-20,,2289,
F113310103625,F1,13,3,1,東京保健医療専門職大学,江東区塩浜2-22-10,1350043,2021-01-20,,2290,
F113310103634,F1,13,3,1,情報経営イノベーション専門職大学,墨田区文花1‐18‐13 ,1310044,2021-01-20,,2291,
F113310103643,F1,13,3,1,大学院大学至善館,中央区日本橋2丁目5-1 日本橋髙島屋三井ビルディング17階,1036117,2021-01-20,,2292,
F113310103652,F1,13,3,1,東京通信大学,新宿区西新宿１－７－３,1600023,2021-01-20,,2293,
F113310103661,F1,13,3,1,国際ファッション専門職大学,新宿区西新宿１－７－３,1600023,2021-01-20,,2294,
F113310103670,F1,13,3,1,駒沢女子大学,稲城市坂浜２３８,2068511,2021-01-20,,2295,
F113310103689,F1,13,3,1,亜細亜大学,武蔵野市境５－８,1800022,2021-01-20,,2296,
F113310103698,F1,13,3,1,桜美林大学,町田市常盤町３７５８,1940294,2021-01-20,,2297,
F113310103705,F1,13,3,1,国立音楽大学,立川市柏町５－５－１,1900004,2021-01-20,,2298,
F113310103714,F1,13,3,1,国際基督教大学,三鷹市大沢３－１０－２,1818585,2021-01-20,,2299,
F113310103723,F1,13,3,1,白百合女子大学,調布市緑ケ丘１－２５,1828525,2021-01-20,,2300,
F113310103732,F1,13,3,1,成蹊大学,武蔵野市吉祥寺北町３－３－１,1808633,2021-01-20,,2301,
F113310103741,F1,13,3,1,玉川大学,町田市玉川学園６－１－１,1948610,2021-01-20,,2302,
F113310103750,F1,13,3,1,津田塾大学,小平市津田町２－１－１,1878577,2021-01-20,,2303,
F113310103769,F1,13,3,1,帝京大学,板橋区加賀２－１１－１,1738605,2021-01-20,,2304,
F113310103778,F1,13,3,1,東京経済大学,国分寺市南町１－７－３４,1850021,2021-01-20,,2305,
F113310103787,F1,13,3,1,東京女子体育大学,国立市富士見台４－３０－１,1868668,2021-01-20,,2306,
F113310103796,F1,13,3,1,東京神学大学,三鷹市大沢３－１０－３０,1810015,2021-01-20,,2307,
F113310103803,F1,13,3,1,東京造形大学,八王子市宇津貫町１５５６,1920992,2021-01-20,,2308,
F113310103812,F1,13,3,1,桐朋学園大学,調布市若葉町１－４１－１,1820003,2021-01-20,,2309,
F113310103821,F1,13,3,1,日本獣医生命科学大学,武蔵野市境南町１－７－１,1800023,2021-01-20,,2310,
F113310103830,F1,13,3,1,武蔵野大学,江東区有明三丁目３番３号,1358181,2021-01-20,,2311,
F113310103849,F1,13,3,1,武蔵野美術大学,小平市小川町１－７３６,1878505,2021-01-20,,2312,
F113310103858,F1,13,3,1,明星大学,日野市程久保２－１－１,1918506,2021-01-20,,2313,
F113310103867,F1,13,3,1,和光大学,町田市金井ヶ丘５－１－１,1958585,2021-01-20,,2314,
F113310103876,F1,13,3,1,杏林大学,三鷹市新川６－２０－２,1810004,2021-01-20,,2315,
F113310103885,F1,13,3,1,創価大学,八王子市丹木町１－２３６,1928577,2021-01-20,,2316,
F113310103894,F1,13,3,1,日本文化大学,八王子市片倉町９７７,1920986,2021-01-20,,2317,
F113310103901,F1,13,3,1,東京工科大学,八王子市片倉町１４０４－１,1920982,2021-01-20,,2319,
F113310103910,F1,13,3,1,日本赤十字看護大学,渋谷区広尾４－１－３,1500012,2021-01-20,,2320,
F113310103929,F1,13,3,1,恵泉女学園大学,多摩市南野２－１０－１,2060032,2021-01-20,,2321,
F113310103938,F1,13,3,1,多摩大学,多摩市聖ケ丘４－１－１,2060022,2021-01-20,,2322,
F113310103947,F1,13,3,1,東京純心大学,八王子市滝山町２－６００,1920011,2021-01-20,,2323,
F113310103956,F1,13,3,1,嘉悦大学,小平市花小金井南町２丁目８番４号,1878578,2021-01-20,,2324,
F113310103965,F1,13,3,1,東京富士大学,新宿区下落合一丁目七番七号,1618556,2021-01-20,,2326,
F113310103974,F1,13,3,1,ＬＥＣ東京リーガルマインド大学院大学,千代田区神田三崎町２－２－１５,1010061,2021-01-20,,2327,
F113310103983,F1,13,3,1,デジタルハリウッド大学,千代田区神田駿河台4-6　御茶ノ水ソラシティ アカデミア3F/4F,1010062,2021-01-20,,2328,
F113310103992,F1,13,3,1,白梅学園大学,小平市小川町１丁目８３０番地,1870032,2021-01-20,,2329,
F113310104009,F1,13,3,1,東京医療保健大学,品川区東五反田４－１－１７,1418648,2021-01-20,,2330,
F113310104018,F1,13,3,1,東京聖栄大学,葛飾区西新小岩一丁目４番６号,1248530,2021-01-20,,2331,
F113310104027,F1,13,3,1,ビジネス・ブレークスルー大学,千代田区六番町1-7 Ohmae@workビル,1020085,2021-01-20,,2339,
F113310104036,F1,13,3,1,グロービス経営大学院大学,千代田区二番町５番地１,1020084,2021-01-20,,2341,
F113310104045,F1,13,3,1,文化ファッション大学院大学,渋谷区代々木三丁目２２番１号,1510053,2021-01-20,,2343,
F113310104054,F1,13,3,1,大原大学院大学,千代田区西神田１－２－１０,1010065,2021-01-20,,2345,
F113310104063,F1,13,3,1,東京未来大学,足立区千住曙町３４番１２,1200023,2021-01-20,,2346,
F113310104072,F1,13,3,1,ハリウッド大学院大学,港区六本木６丁目４番１号,1060032,2021-01-20,,2348,
F113310104081,F1,13,3,1,ＳＢＩ大学院大学,港区六本木１－６－１　泉ガーデンタワー２１階,1066021,2021-01-20,,2349,
F113310104090,F1,13,3,1,こども教育宝仙大学,中野区中央二丁目３３番２６号,1640011,2021-01-20,,2350,
F113310104107,F1,13,3,1,東京有明医療大学,江東区有明２丁目９番１号,1350063,2021-01-20,,2351,
F113310104116,F1,13,3,1,東京工芸大学,中野区本町２－９－５,1648678,2021-01-20,,2358,
F113310104125,F1,13,3,1,産業能率大学,世田谷区等々力６－３９－１５,1588630,2021-01-20,,2361,
F113310104134,F1,13,3,1,ヤマザキ動物看護大学,八王子市南大沢４－７－２,1920364,2021-01-20,,2383,
F113310104143,F1,13,3,1,東京医療学院大学,多摩市落合４－１１,2060033,2021-01-20,,2398,
F113310104152,F1,13,3,1,事業構想大学院大学,港区南青山３－１３－１６,1070062,2021-01-20,,2399,
F113310104161,F1,13,3,1,社会構想大学院大学,新宿区高田馬場１－２５－３０,1698518,2021-01-20,,2400,
F113310104170,F1,13,3,1,帝京科学大学,足立区千住桜木2-2-1,1200045,2021-01-20,,2405,
F213310104188,F2,13,3,1,愛国学園短期大学,江戸川区西小岩５－７－１,1338585,2021-01-20,,5190,
F213310104197,F2,13,3,1,青山学院女子短期大学,渋谷区渋谷４－４－２５,1500002,2021-01-20,,5192,
F213310104204,F2,13,3,1,上野学園大学短期大学部,台東区東上野４－２４－１２,1108642,2021-01-20,,5195,
F213310104213,F2,13,3,1,大妻女子大学短期大学部,千代田区三番町１２,1028357,2021-01-20,,5196,
F213310104222,F2,13,3,1,共立女子短期大学,千代田区一ツ橋２－２－１,1018437,2021-01-20,,5200,
F213310104231,F2,13,3,1,国際短期大学,中野区江古田４－８－８,1650022,2021-01-20,,5203,
F213310104240,F2,13,3,1,駒沢女子短期大学,稲城市坂浜２３８,2068511,2021-01-20,,5205,
F213310104259,F2,13,3,1,自由が丘産能短期大学,世田谷区等々力６－３９－１５,1580082,2021-01-20,,5207,
F213310104268,F2,13,3,1,実践女子大学短期大学部,渋谷区東1-1-49,1508538,2021-01-20,,5208,
F213310104277,F2,13,3,1,淑徳大学短期大学部,板橋区前野町６－３６－４,1748631,2021-01-20,,5210,
F213310104286,F2,13,3,1,女子栄養大学短期大学部,豊島区駒込３－２４－３,1708481,2021-01-20,,5213,
F213310104295,F2,13,3,1,女子美術大学短期大学部,杉並区和田１－４９－８,1660012,2021-01-20,,5214,
F213310104302,F2,13,3,1,杉野服飾大学短期大学部,品川区上大崎４－６－１９,1410021,2021-01-20,,5215,
F213310104311,F2,13,3,1,星美学園短期大学,北区赤羽台４－２－１４,1158524,2021-01-20,,5218,
F213310104320,F2,13,3,1,帝京大学短期大学,八王子市大塚３５９,1920395,2021-01-20,,5222,
F213310104339,F2,13,3,1,帝京短期大学,渋谷区本町６－３１－１,1510071,2021-01-20,,5223,
F213310104348,F2,13,3,1,戸板女子短期大学,港区芝２－２１－１７,1050014,2021-01-20,,5224,
F213310104357,F2,13,3,1,東京家政大学短期大学部,板橋区加賀１－１８－１,1738602,2021-01-20,,5227,
F213310104366,F2,13,3,1,東京交通短期大学,豊島区池袋本町２－５－１５,1700011,2021-01-20,,5228,
F213310104375,F2,13,3,1,東京成徳短期大学,北区十条台１－７－１３,1140033,2021-01-20,,5231,
F213310104384,F2,13,3,1,新渡戸文化短期大学,中野区本町６－３８－１,1648638,2021-01-20,,5234,
F213310104393,F2,13,3,1,東京立正短期大学,杉並区堀之内２－４１－１５,1660013,2021-01-20,,5235,
F213310104400,F2,13,3,1,東邦音楽短期大学,文京区大塚４－４６－９,1120012,2021-01-20,,5236,
F213310104419,F2,13,3,1,日本大学短期大学部,千代田区九段南４－８－２４,1028275,2021-01-20,,5246,
F213310104428,F2,13,3,1,文化学園大学短期大学部,渋谷区代々木３－２２－１,1510053,2021-01-20,,5248,
F213310104437,F2,13,3,1,目白大学短期大学部,新宿区中落合４－３１－１,1610032,2021-01-20,,5254,
F213310104446,F2,13,3,9,立教女学院短期大学,杉並区久我山４－２９－２３,1680082,2021-01-20,2021-05-27,5256,
F213310104455,F2,13,3,1,創価女子短期大学,八王子市丹木町１－２３６,1928577,2021-01-20,,5260,
F213310104464,F2,13,3,1,白梅学園短期大学,小平市小川町１－８３０,1870032,2021-01-20,,5299,
F213310104473,F2,13,3,1,東京女子体育短期大学,国立市富士見台４－３０－１,1868668,2021-01-20,,5304,
F213310104482,F2,13,3,1,フェリシアこども短期大学,町田市三輪町１１３５,1950054,2021-01-20,,5306,
F213310104491,F2,13,3,1,桐朋学園芸術短期大学,調布市若葉町１－４１－１,1828510,2021-01-20,,5307,
F213310104507,F2,13,3,1,山野美容芸術短期大学,八王子市鑓水５３０,1920396,2021-01-20,,5314,
F213310104516,F2,13,3,1,日本歯科大学東京短期大学,千代田区富士見二丁目３番１６号,1020071,2021-01-20,,5316,
F213310104525,F2,13,3,1,東京歯科大学短期大学,千代田区神田三崎町２－９－１８,1010061,2021-01-20,,5317,
F213310104534,F2,13,3,1,ヤマザキ動物看護専門職短期大学,渋谷区松濤２－３－１０,1500046,2021-01-20,,5318,
F213310104543,F2,13,3,1,有明教育芸術短期大学,江東区有明2-9-2,1350063,2021-01-20,,5369,
F213310104552,F2,13,3,1,貞静学園短期大学,文京区小日向1丁目26番13号,1120006,2021-01-20,,5377,
G113110104564,G1,13,1,1,東京工業高等専門学校,八王子市椚田町１２２０－２,1930997,2021-01-20,,6560,
G113210104571,G1,13,2,1,東京都立産業技術高等専門学校,品川区東大井１－１０－４０,1400011,2021-01-20,,7060,
G113310104588,G1,13,3,1,サレジオ工業高等専門学校,町田市小山ヶ丘４－６－８,1940215,2021-01-20,,8190,
F114110104592,F1,14,1,1,横浜国立大学,横浜市保土ケ谷区常盤台７９－１,2408501,2021-01-20,,0224,
F114110104609,F1,14,1,1,総合研究大学院大学,三浦郡葉山町（湘南国際村）,2400193,2021-01-20,,0484,
F114210104616,F1,14,2,1,横浜市立大学,横浜市金沢区瀬戸２２－２,2360027,2021-01-20,,1152,
F114210104625,F1,14,2,1,神奈川県立保健福祉大学,横須賀市平成町１丁目１０番１,2380013,2021-01-20,,1153,
F114210111993,F1,14,2,1,川崎市立看護大学,川崎市幸区小倉４－３０－１,2120054,2022-05-01,,,
F114310104632,F1,14,3,1,星槎大学,足柄下郡箱根町仙石原８１７－２５５,2500631,2021-01-20,,2024,
F114310104641,F1,14,3,1,神奈川大学,横浜市神奈川区六角橋３－２７－１,2218686,2021-01-20,,2332,
F114310104650,F1,14,3,1,関東学院大学,横浜市金沢区六浦東１－５０－１,2368501,2021-01-20,,2333,
F114310104669,F1,14,3,1,鶴見大学,横浜市鶴見区鶴見２－１－３,2308501,2021-01-20,,2334,
F114310104678,F1,14,3,1,フェリス女学院大学,横浜市泉区緑園４－５－３,2458650,2021-01-20,,2335,
F114310104687,F1,14,3,1,横浜商科大学,横浜市鶴見区東寺尾４－１１－１,2308577,2021-01-20,,2336,
F114310104696,F1,14,3,1,八洲学園大学,横浜市西区桜木町７丁目４２番地,2200021,2021-01-20,,2337,
F114310104703,F1,14,3,1,情報セキュリティ大学院大学,横浜市神奈川区鶴屋町二丁目１４番地１,2210835,2021-01-20,,2338,
F114310104712,F1,14,3,1,横浜薬科大学,横浜市戸塚区俣野町字東原６０１番１号,2450066,2021-01-20,,2344,
F114310104721,F1,14,3,1,麻布大学,相模原市中央区淵野辺１－１７－７１,2525201,2021-01-20,,2352,
F114310104730,F1,14,3,1,神奈川歯科大学,横須賀市稲岡町８２,2388580,2021-01-20,,2353,
F114310104749,F1,14,3,1,鎌倉女子大学,鎌倉市大船６－１－３,2478512,2021-01-20,,2354,
F114310104758,F1,14,3,1,湘南工科大学,藤沢市辻堂西海岸１－１－２５,2518511,2021-01-20,,2355,
F114310104767,F1,14,3,1,相模女子大学,相模原市南区文京２－１－１,2520383,2021-01-20,,2356,
F114310104776,F1,14,3,1,洗足学園音楽大学,川崎市高津区久本２－３－１,2138580,2021-01-20,,2357,
F114310104785,F1,14,3,1,聖マリアンナ医科大学,川崎市宮前区菅生２－１６－１,2160015,2021-01-20,,2359,
F114310104794,F1,14,3,1,神奈川工科大学,厚木市下荻野１０３０,2430203,2021-01-20,,2360,
F114310104801,F1,14,3,1,昭和音楽大学,川崎市麻生区上麻生１－１１－１,2158558,2021-01-20,,2362,
F114310104810,F1,14,3,1,桐蔭横浜大学,横浜市青葉区鉄町１６１４,2250025,2021-01-20,,2363,
F114310104829,F1,14,3,1,東洋英和女学院大学,横浜市緑区三保町３２,2260015,2021-01-20,,2364,
F114310104838,F1,14,3,1,松蔭大学,厚木市森の里若宮９番１号,2430124,2021-01-20,,2365,
F114310104847,F1,14,3,1,田園調布学園大学,川崎市麻生区東百合丘三丁目４番１号,2158542,2021-01-20,,2366,
F114310104856,F1,14,3,1,横浜美術大学,横浜市青葉区鴨志田町１２０４番地,2270033,2021-01-20,,2384,
F114310104865,F1,14,3,1,日本映画大学,川崎市麻生区万福寺一丁目16－30,2150004,2021-01-20,,2385,
F114310104874,F1,14,3,1,横浜創英大学,横浜市緑区三保町1番地,2260015,2021-01-20,,2401,
F114310104883,F1,14,3,1,湘南医療大学,横浜市戸塚区上品濃１６－４８,2440806,2021-01-20,,2402,
F114310104892,F1,14,3,1,湘南鎌倉医療大学 ,鎌倉市山崎1195-3 ,2470066,2021-01-20,,2409,
F214210104900,F2,14,2,1,川崎市立看護短期大学,川崎市幸区小倉４－３０－１,2120054,2021-01-20,,4418,
F214310104917,F2,14,3,1,和泉短期大学,相模原市中央区青葉２－２－１,2525222,2021-01-20,,5194,
F214310104926,F2,14,3,1,鶴見大学短期大学部,横浜市鶴見区鶴見２－１－３,2308501,2021-01-20,,5334,
F214310104935,F2,14,3,1,横浜女子短期大学,横浜市港南区港南台４－４－５,2340054,2021-01-20,,5338,
F214310104944,F2,14,3,1,昭和音楽大学短期大学部,川崎市麻生区上麻生１－１１－１,2158558,2021-01-20,,5339,
F214310104953,F2,14,3,1,上智大学短期大学部,秦野市上大槻山王台９９９,2570005,2021-01-20,,5340,
F214310104962,F2,14,3,1,小田原短期大学,小田原市城山４－５－１,2500045,2021-01-20,,5353,
F214310104971,F2,14,3,1,鎌倉女子大学短期大学部,鎌倉市大船６－１－３,2478512,2021-01-20,,5355,
F214310104980,F2,14,3,1,相模女子大学短期大学部,相模原市南区文京２－１－１,2520383,2021-01-20,,5356,
F214310104999,F2,14,3,1,洗足こども短期大学,川崎市高津区久本２－３－１,2138580,2021-01-20,,5357,
F214310105006,F2,14,3,1,神奈川歯科大学短期大学部,横須賀市稲岡町８２,2388580,2021-01-20,,5359,
F214310105015,F2,14,3,1,聖セシリア女子短期大学,大和市林間２－６－１１,2420003,2021-01-20,,5361,
F214310105024,F2,14,3,9,東海大学医療技術短期大学,平塚市北金目４－１－２,2591207,2021-01-20,2022-05-01,5362,
F214310105033,F2,14,3,1,湘北短期大学,厚木市温水字長久保４２８,2438501,2021-01-20,,5363,
F115110105046,F1,15,1,1,新潟大学,新潟市西区五十嵐２の町８０５０番地,9502181,2021-01-20,,0228,
F115110105055,F1,15,1,1,長岡技術科学大学,長岡市上富岡町１６０３－１,9402188,2021-01-20,,0432,
F115110105064,F1,15,1,1,上越教育大学,上越市山屋敷町１,9438512,2021-01-20,,0452,
F115210105071,F1,15,2,1,新潟県立看護大学,上越市新南町２４０番地,9430147,2021-01-20,,1155,
F115210105080,F1,15,2,1,新潟県立大学,新潟市東区海老ヶ瀬４７１番地,9508680,2021-01-20,,1156,
F115210105099,F1,15,2,1,長岡造形大学,長岡市千秋４丁目１９７番地,9402088,2021-01-20,,1157,
F115210111849,F1,15,2,1,三条市立大学,三条市上須頃1341（3街区）,9550091,2021-05-27,,1158,
F115310105104,F1,15,3,1,長岡大学,長岡市御山町８０番地８,9400828,2021-01-20,,2367,
F115310105113,F1,15,3,1,新潟医療福祉大学,新潟市北区島見町１３９８番地,9503198,2021-01-20,,2368,
F115310105122,F1,15,3,1,新潟青陵大学,新潟市中央区水道町１丁目５９３９番地,9518121,2021-01-20,,2369,
F115310105131,F1,15,3,1,新潟工科大学,柏崎市大字藤橋１７１９番地,9451195,2021-01-20,,2370,
F115310105140,F1,15,3,1,新潟経営大学,加茂市希望ケ丘２９０９－２,9591321,2021-01-20,,2372,
F115310105159,F1,15,3,1,新潟国際情報大学,新潟市西区みずき野３丁目１番１号,9502292,2021-01-20,,2373,
F115310105168,F1,15,3,1,敬和学園大学,新発田市富塚字三賀境1270,9578585,2021-01-20,,2374,
F115310105177,F1,15,3,1,新潟薬科大学,新潟市秋葉区東島２６５－１,9568603,2021-01-20,,2375,
F115310105186,F1,15,3,1,国際大学,南魚沼市国際町７７７,9497277,2021-01-20,,2376,
F115310105195,F1,15,3,1,新潟産業大学,柏崎市大字軽井川４７３０,9451393,2021-01-20,,2377,
F115310105202,F1,15,3,1,事業創造大学院大学,新潟市中央区米山三丁目１番４６号,9500916,2021-01-20,,2381,
F115310105211,F1,15,3,1,新潟リハビリテーション大学,村上市上の山２番１６号,9580053,2021-01-20,,2382,
F115310105220,F1,15,3,1,新潟食料農業大学,新潟市北区島見町940番地,9503197,2021-01-20,,2393,
F115310105239,F1,15,3,1,開志専門職大学 ,新潟市中央区紫竹山6-3-5,9500914,2021-01-20,,2394,
F115310105248,F1,15,3,1,長岡崇徳大学,長岡市深沢町２２７８－８,9402135,2021-01-20,,2403,
F215310105256,F2,15,3,1,新潟青陵大学短期大学部,新潟市中央区水道町１丁目５９３９番地,9518121,2021-01-20,,5370,
F215310105265,F2,15,3,1,新潟工業短期大学,新潟市西区上新栄町５－１３－７,9502076,2021-01-20,,5372,
F215310105274,F2,15,3,1,新潟中央短期大学,加茂市希望ケ丘2909-2,9591321,2021-01-20,,5373,
F215310105283,F2,15,3,1,日本歯科大学新潟短期大学,新潟市中央区浜浦町１丁目８,9518580,2021-01-20,,5375,
F215310105292,F2,15,3,1,明倫短期大学,新潟市西区真砂３－１６－１０,9502086,2021-01-20,,5376,
G115110105302,G1,15,1,1,長岡工業高等専門学校,長岡市西片貝町８８８,9408532,2021-01-20,,6568,
F116110105312,F1,16,1,1,富山大学,富山市五福３１９０,9308555,2021-01-20,,0536,
F116210105329,F1,16,2,1,富山県立大学,射水市黒河５１８０,9390398,2021-01-20,,1160,
F116310105336,F1,16,3,1,高岡法科大学,高岡市戸出石代３０７－３,9391193,2021-01-20,,2378,
F116310105345,F1,16,3,1,富山国際大学,富山市東黒牧６５－１,9301292,2021-01-20,,2379,
F116310105354,F1,16,3,1,桐朋学園大学院大学,富山市呉羽町１８８４番地１７,9300138,2021-01-20,,2380,
F216310105362,F2,16,3,1,富山短期大学,富山市願海寺水口４４４,9300193,2021-01-20,,5379,
F216310105371,F2,16,3,1,富山福祉短期大学,射水市三ケ５７９,9390341,2021-01-20,,5381,
G116110105383,G1,16,1,1,富山高等専門学校,富山市本郷町１３,9398630,2021-01-20,,6577,
F117110105393,F1,17,1,1,金沢大学,金沢市角間町,9201192,2021-01-20,,0236,
F117110105400,F1,17,1,1,北陸先端科学技術大学院大学,能美市旭台1-1,9231292,2021-01-20,,0488,
F117210105417,F1,17,2,1,公立小松大学,小松市四丁町ヌ１－３,9238511,2021-01-20,,1162,
F117210105426,F1,17,2,1,石川県立大学,野々市市末松１丁目３０８番地,9218836,2021-01-20,,1163,
F117210105435,F1,17,2,1,金沢美術工芸大学,金沢市小立野５－１１－１,9208656,2021-01-20,,1164,
F117210105444,F1,17,2,1,石川県立看護大学,かほく市学園台１丁目１番地,9291210,2021-01-20,,1165,
F117310105451,F1,17,3,1,金沢星稜大学,金沢市御所町丑１０－１,9208620,2021-01-20,,2386,
F117310105460,F1,17,3,1,金沢工業大学,野々市市扇が丘7-1,9218501,2021-01-20,,2387,
F117310105479,F1,17,3,1,金沢医科大学,河北郡内灘町字大学１－１,9200265,2021-01-20,,2388,
F117310105488,F1,17,3,1,北陸大学,金沢市太陽が丘１－１,9201148,2021-01-20,,2389,
F117310105497,F1,17,3,1,金沢学院大学,金沢市末町１０－５,9201302,2021-01-20,,2390,
F117310105503,F1,17,3,1,金城大学,白山市笠間町１２００番地,9240063,2021-01-20,,2391,
F117310105512,F1,17,3,1,北陸学院大学,金沢市三小牛町イ１１番地,9201346,2021-01-20,,2392,
F117310111854,F1,17,3,1,かなざわ食マネジメント専門職大学,白山市横江町8街区1番,9240011,2021-05-27,,2410,
F217210105522,F2,17,2,9,小松短期大学,小松市四丁町ヌ１－３,9238511,2021-01-20,2021-05-27,4434,
F217310105539,F2,17,3,1,金沢学院短期大学,金沢市末町１０,9201302,2021-01-20,,5386,
F217310105548,F2,17,3,1,北陸学院大学短期大学部,金沢市三小牛町イ１１,9201346,2021-01-20,,5387,
F217310105557,F2,17,3,1,金城大学短期大学部,白山市笠間町１２００,9240063,2021-01-20,,5388,
F217310105566,F2,17,3,1,金沢星稜大学女子短期大学部,金沢市御所町丑１０－１,9208620,2021-01-20,,5389,
G117110105578,G1,17,1,1,石川工業高等専門学校,河北郡津幡町字北中条タ１,9290342,2021-01-20,,6580,
G117310105583,G1,17,3,1,国際高等専門学校,金沢市久安２－２７０,9218601,2021-01-20,,8386,
F118110105597,F1,18,1,1,福井大学,福井市文京3-9-1,9108507,2021-01-20,,0508,
F118210105602,F1,18,2,1,福井県立大学,吉田郡永平寺町松岡兼定島４－１－１,9101195,2021-01-20,,1166,
F118210105611,F1,18,2,1,敦賀市立看護大学,敦賀市木崎７８－２－１,9140814,2021-01-20,,1167,
F118310105628,F1,18,3,1,福井工業大学,福井市学園３－６－１,9100028,2021-01-20,,2395,
F118310105637,F1,18,3,1,仁愛大学,越前市大手町３－１－１,9158586,2021-01-20,,2396,
F118310105646,F1,18,3,1,福井医療大学,福井市江上町５５－１３－１,9103190,2021-01-20,,2397,
F218310105654,F2,18,3,1,仁愛女子短期大学,福井市天池町４３－１－１,9100124,2021-01-20,,5395,
G118110105666,G1,18,1,1,福井工業高等専門学校,鯖江市下司町,9168507,2021-01-20,,6584,
F119110105676,F1,19,1,1,山梨大学,甲府市武田４－４－３７,4008510,2021-01-20,,0500,
F119210105683,F1,19,2,1,都留文科大学,都留市田原３－８－１,4020054,2021-01-20,,1172,
F119210105692,F1,19,2,1,山梨県立大学,甲府市飯田５-１１-１,4000035,2021-01-20,,1177,
F119310105707,F1,19,3,1,山梨学院大学,甲府市酒折２－４－５,4008575,2021-01-20,,2404,
F119310105716,F1,19,3,1,身延山大学,南巨摩郡身延町身延３５６７,4092597,2021-01-20,,2406,
F119310105725,F1,19,3,1,山梨英和大学,甲府市横根町八八八番地,4008555,2021-01-20,,2407,
F119310105734,F1,19,3,1,健康科学大学,南都留郡河口湖町小立７１８７,4010302,2021-01-20,,2408,
F219210105744,F2,19,2,1,大月短期大学,大月市御太刀１－１６－２,4010012,2021-01-20,,4448,
F219310105751,F2,19,3,1,山梨学院短期大学,甲府市酒折２－４－５,4008575,2021-01-20,,5406,
F219310105760,F2,19,3,1,帝京学園短期大学,山梨市上神内川１１５０－１,4050018,2021-01-20,,5407,
F120110105771,F1,20,1,1,信州大学,松本市旭３－１－１,3908621,2021-01-20,,0248,
F120210105788,F1,20,2,1,公立諏訪東京理科大学,茅野市豊平５０００－１,3910292,2021-01-20,,1179,
F120210105797,F1,20,2,1,長野県立大学,長野市三輪８－４９－７,3808525,2021-01-20,,1181,
F120210105804,F1,20,2,1,長野県看護大学,駒ケ根市赤穂１６９４,3994117,2021-01-20,,1182,
F120210105813,F1,20,2,1,長野大学,上田市下之郷６５８－１,3861298,2021-01-20,,1183,
F120310105820,F1,20,3,1,松本歯科大学,塩尻市大字広丘字郷原１７８０,3990781,2021-01-20,,2418,
F120310105839,F1,20,3,1,松本大学,松本市新村２０９５－１,3901295,2021-01-20,,2420,
F120310105848,F1,20,3,1,清泉女学院大学,長野市上野二丁目１２０番地８,3810085,2021-01-20,,2421,
F120310105857,F1,20,3,1,佐久大学,佐久市岩村田２３８４番地,3850022,2021-01-20,,2422,
F120310105866,F1,20,3,1,長野保健医療大学,長野市川中島町今井原１１－１,3812227,2021-01-20,,2423,
F120310111868,F1,20,3,1,松本看護大学,松本市笹賀3118,3990033,2021-05-27,,2424,
F220210105876,F2,20,2,9,長野県短期大学,長野市三輪８－４９－７,3808525,2021-01-20,2021-05-27,4452,
F220310105883,F2,20,3,1,飯田女子短期大学,飯田市松尾代田６１０,3950812,2021-01-20,,5417,
F220310105892,F2,20,3,1,長野女子短期大学,長野市三輪９－１１－２９,3800803,2021-01-20,,5419,
F220310105909,F2,20,3,1,上田女子短期大学,上田市大字下之郷乙620,3861214,2021-01-20,,5420,
F220310105918,F2,20,3,1,松本大学松商短期大学部,松本市新村２０９５－１,3901295,2021-01-20,,5421,
F220310105927,F2,20,3,1,松本短期大学,松本市笹賀３１１８,3990033,2021-01-20,,5422,
F220310105936,F2,20,3,1,清泉女学院短期大学,長野市上野２－１２０－８,3810085,2021-01-20,,5423,
F220310105945,F2,20,3,1,信州豊南短期大学,上伊那郡辰野町中山７２,3990498,2021-01-20,,5424,
F220310105954,F2,20,3,1,佐久大学信州短期大学部,佐久市岩村田２３８４,3850022,2021-01-20,,5425,
G120110105966,G1,20,1,1,長野工業高等専門学校,長野市大字徳間７１６,3818550,2021-01-20,,6588,
F121110105976,F1,21,1,1,岐阜大学,岐阜市柳戸１－１,5011193,2021-01-20,,0252,
F121210105983,F1,21,2,1,岐阜薬科大学,岐阜市大学西１－２５－４,5011196,2021-01-20,,1184,
F121210105992,F1,21,2,1,岐阜県立看護大学,羽島市江吉良町字神宮３０４７番１,5016295,2021-01-20,,1185,
F121210106009,F1,21,2,1,情報科学芸術大学院大学,大垣市領家町３丁目９５番１,5030014,2021-01-20,,1186,
F121310106016,F1,21,3,1,中京学院大学,中津川市千旦林１－１０４,5099195,2021-01-20,,2431,
F121310106025,F1,21,3,1,岐阜協立大学,大垣市北方町５－５０,5030019,2021-01-20,,2432,
F121310106034,F1,21,3,1,岐阜女子大学,岐阜市太郎丸８０,5012592,2021-01-20,,2433,
F121310106043,F1,21,3,1,朝日大学,瑞穂市穂積１８５１番地の１,5010296,2021-01-20,,2434,
F121310106052,F1,21,3,1,岐阜聖徳学園大学,岐阜市柳津町高桑西１－１,5016194,2021-01-20,,2435,
F121310106061,F1,21,3,1,東海学院大学,各務原市那加桐野町５－６８,5048511,2021-01-20,,2436,
F121310106070,F1,21,3,1,中部学院大学,関市桐ヶ丘２－１,5013993,2021-01-20,,2437,
F121310106089,F1,21,3,1,岐阜医療科学大学,関市市平賀字長峰７９５番地の１,5013822,2021-01-20,,2438,
F121310106098,F1,21,3,1,岐阜保健大学,岐阜市東鶉２－９２,5008281,2021-01-20,,2439,
F221210106106,F2,21,2,1,岐阜市立女子短期大学,岐阜市一日市場北町７－１,5010192,2021-01-20,,4456,
F221310106113,F2,21,3,1,中部学院大学短期大学部,関市桐ヶ丘２－１,5013936,2021-01-20,,5432,
F221310106122,F2,21,3,1,岐阜聖徳学園大学短期大学部,岐阜市中鶉１－３８,5008288,2021-01-20,,5434,
F221310106131,F2,21,3,1,正眼短期大学,美濃加茂市伊深町８７６－１０,5050008,2021-01-20,,5435,
F221310106140,F2,21,3,1,中京学院大学短期大学部,瑞浪市土岐町２２１６,5096192,2021-01-20,,5436,
F221310106159,F2,21,3,1,東海学院大学短期大学部,各務原市那加桐野町２－４３,5048504,2021-01-20,,5437,
F221310106168,F2,21,3,1,中日本自動車短期大学,加茂郡坂祝町深萱１３０１,5050077,2021-01-20,,5438,
F221310106177,F2,21,3,1,大垣女子短期大学,大垣市西之川町１－１０９,5038554,2021-01-20,,5439,
F221310106186,F2,21,3,1,高山自動車短期大学,高山市下林町１１５５,5060059,2021-01-20,,5440,
F221310106195,F2,21,3,1,岐阜保健大学短期大学部,岐阜市東鶉２丁目９２番地,5008281,2021-01-20,,5442,
F221310106202,F2,21,3,1,平成医療短期大学,岐阜市黒野１８０番地,5011131,2021-01-20,,5443,
G121110106214,G1,21,1,1,岐阜工業高等専門学校,本巣市上真桑２２３６－２,5010495,2021-01-20,,6596,
F122110106224,F1,22,1,1,静岡大学,静岡市駿河区大谷８３６,4228017,2021-01-20,,0256,
F122110106233,F1,22,1,1,浜松医科大学,浜松市東区半田山１丁目２０番地１号,4313192,2021-01-20,,0412,
F122210106240,F1,22,2,1,静岡県立農林環境専門職大学,磐田市富丘678-1 ,4388577,2021-01-20,,1189,
F122210106259,F1,22,2,1,静岡県立大学,静岡市駿河区谷田５２－１,4228526,2021-01-20,,1190,
F122210106268,F1,22,2,1,静岡文化芸術大学,浜松市中央区中央２－１－１,4308533,2021-01-20,,1193,
F122210111877,F1,22,2,1,静岡社会健康医学大学院大学,静岡市葵区北安東4-27-2,4200881,2021-05-27,,1194,
F122310106275,F1,22,3,1,光産業創成大学院大学,浜松市西区呉松町１９５５番１,4311202,2021-01-20,,2448,
F122310106284,F1,22,3,1,静岡福祉大学,焼津市本中根５４９番１,4258611,2021-01-20,,2449,
F122310106293,F1,22,3,1,浜松学院大学,浜松市中区布橋三丁目２番３号,4328012,2021-01-20,,2450,
F122310106300,F1,22,3,1,静岡英和学院大学,静岡市駿河区池田１７６９番地,4228545,2021-01-20,,2451,
F122310106319,F1,22,3,1,常葉大学,静岡市駿河区弥生町６番１号,4228581,2021-01-20,,2452,
F122310106328,F1,22,3,1,静岡理工科大学,袋井市豊沢２２００－２,4378555,2021-01-20,,2454,
F122310106337,F1,22,3,1,聖隷クリストファー大学,浜松市北区三方原町３４５３,4338558,2021-01-20,,2455,
F122310106346,F1,22,3,1,静岡産業大学,藤枝市駿河台４－１－１,4268668,2021-01-20,,2456,
F222210106356,F2,22,2,1,静岡県立農林環境専門職大学短期大学部,磐田市富丘678-1 ,4388577,2021-01-20,,4459,
F222210106365,F2,22,2,1,静岡県立大学短期大学部,静岡市駿河区小鹿２丁目２－１,4228021,2021-01-20,,4461,
F222310106372,F2,22,3,9,東海大学短期大学部,静岡市葵区宮前町１０１,4208511,2021-01-20,2022-05-01,5225,
F222310106381,F2,22,3,1,静岡英和学院大学短期大学部,静岡市駿河区池田１７６９番地,4228545,2021-01-20,,5451,
F222310106390,F2,22,3,1,常葉大学短期大学部,静岡市駿河区弥生町６番１号,4228581,2021-01-20,,5452,
F222310106407,F2,22,3,1,浜松学院大学短期大学部,浜松市中区住吉２－３－１,4300906,2021-01-20,,5453,
G122110106419,G1,22,1,1,沼津工業高等専門学校,沼津市大岡３６００,4100022,2021-01-20,,6600,
F123110106429,F1,23,1,1,名古屋大学,名古屋市千種区不老町,4648601,2021-01-20,,0260,
F123110106438,F1,23,1,1,名古屋工業大学,名古屋市昭和区御器所町,4668555,2021-01-20,,0264,
F123110106447,F1,23,1,1,愛知教育大学,刈谷市井ケ谷町広沢１,4488542,2021-01-20,,0268,
F123110106456,F1,23,1,1,豊橋技術科学大学,豊橋市天伯町字雲雀ケ丘１－１,4418122,2021-01-20,,0436,
F123210106463,F1,23,2,1,名古屋市立大学,名古屋市瑞穂区瑞穂町字川澄１,4678601,2021-01-20,,1204,
F123210106472,F1,23,2,1,愛知県立芸術大学,長久手市岩作三ケ峯１－１１４,4801194,2021-01-20,,1208,
F123210106481,F1,23,2,1,愛知県立大学,長久手市茨ケ廻間１５２２－３,4801198,2021-01-20,,1217,
F123310106498,F1,23,3,1,愛知工科大学,蒲郡市西迫町馬乗５０－２,4430047,2021-01-20,,2459,
F123310106504,F1,23,3,1,名古屋産業大学,尾張旭市新居町山の田３２５５番地の５,4880076,2021-01-20,,2460,
F123310106513,F1,23,3,1,人間環境大学,岡崎市本宿町字上三本松６番２,4443505,2021-01-20,,2461,
F123310106522,F1,23,3,1,名古屋文理大学,稲沢市稲沢町前田３６５番地,4928520,2021-01-20,,2462,
F123310106531,F1,23,3,1,愛知みずほ大学,名古屋市瑞穂区春敲町2-13,4670867,2021-01-20,,2463,
F123310106540,F1,23,3,1,愛知学院大学,日進市岩崎町阿良池１２,4700195,2021-01-20,,2464,
F123310106559,F1,23,3,1,愛知工業大学,豊田市八草町八千草１２４７,4700392,2021-01-20,,2465,
F123310106568,F1,23,3,1,金城学院大学,名古屋市守山区大森２－１７２３,4638521,2021-01-20,,2466,
F123310106577,F1,23,3,1,椙山女学園大学,名古屋市千種区星が丘元町１７－３,4648662,2021-01-20,,2467,
F123310106586,F1,23,3,1,大同大学,名古屋市南区滝春町１０－３,4578530,2021-01-20,,2468,
F123310106595,F1,23,3,1,中京大学,名古屋市昭和区八事本町１０１－２,4668666,2021-01-20,,2469,
F123310106602,F1,23,3,1,同朋大学,名古屋市中村区稲葉地町７－１,4530841,2021-01-20,,2470,
F123310106611,F1,23,3,1,名古屋学院大学,名古屋市熱田区熱田西町１－２５,4568612,2021-01-20,,2471,
F123310106620,F1,23,3,1,名古屋商科大学,日進市米野木町三ヶ峯４の４,4700111,2021-01-20,,2472,
F123310106639,F1,23,3,1,名古屋女子大学,名古屋市瑞穂区汐路町３－４０,4678610,2021-01-20,,2473,
F123310106648,F1,23,3,1,南山大学,名古屋市昭和区山里町１８,4668673,2021-01-20,,2474,
F123310106657,F1,23,3,1,日本福祉大学,知多郡美浜町大字奥田字会下前３５－６,4703295,2021-01-20,,2475,
F123310106666,F1,23,3,1,名城大学,名古屋市天白区塩釜口一丁目５０１番地,4688502,2021-01-20,,2476,
F123310106675,F1,23,3,1,名古屋音楽大学,名古屋市中村区稲葉地町７－１,4530841,2021-01-20,,2477,
F123310106684,F1,23,3,1,豊田工業大学,名古屋市天白区久方２ー１２ー１,4688511,2021-01-20,,2478,
F123310106693,F1,23,3,1,名古屋外国語大学,日進市岩崎町竹ノ山５７,4700197,2021-01-20,,2479,
F123310106700,F1,23,3,1,名古屋造形大学,小牧市大字大草字年上坂６００４,4850802,2021-01-20,,2480,
F123310106719,F1,23,3,1,愛知産業大学,岡崎市岡町字原山１２－５,4440005,2021-01-20,,2481,
F123310106728,F1,23,3,1,東海学園大学,みよし市福谷町西ノ洞２１番地２３３,4700207,2021-01-20,,2482,
F123310106737,F1,23,3,1,豊橋創造大学,豊橋市牛川町字松下２０－１,4408511,2021-01-20,,2483,
F123310106746,F1,23,3,1,愛知東邦大学,名古屋市名東区平和が丘三丁目１１番地,4658515,2021-01-20,,2484,
F123310106755,F1,23,3,1,星城大学,東海市富貴ノ台二丁目１７２番地,4768588,2021-01-20,,2485,
F123310106764,F1,23,3,1,愛知文教大学,小牧市大草５９６９－３,4858565,2021-01-20,,2486,
F123310106773,F1,23,3,1,桜花学園大学,豊明市栄町武侍４８,4701193,2021-01-20,,2487,
F123310106782,F1,23,3,1,愛知大学,豊橋市町畑町字町畑１－１,4418522,2021-01-20,,2488,
F123310106791,F1,23,3,1,愛知学泉大学,岡崎市舳越町上川成２８番地,4448520,2021-01-20,,2489,
F123310106808,F1,23,3,1,至学館大学,大府市横根町名高山５５,4740011,2021-01-20,,2490,
F123310106817,F1,23,3,1,中部大学,春日井市松本町１２００,4878501,2021-01-20,,2491,
F123310106826,F1,23,3,1,藤田医科大学,豊明市沓掛町田楽ケ窪１－９８,4701101,2021-01-20,,2492,
F123310106835,F1,23,3,1,名古屋芸術大学,北名古屋市熊之庄古井２８１,4810006,2021-01-20,,2493,
F123310106844,F1,23,3,1,愛知医科大学,長久手市岩作雁又１番地１,4801195,2021-01-20,,2494,
F123310106853,F1,23,3,1,愛知淑徳大学,長久手市片平二丁目９,4801197,2021-01-20,,2495,
F123310106862,F1,23,3,1,名古屋経済大学,犬山市字内久保６１ー１,4848504,2021-01-20,,2496,
F123310106871,F1,23,3,1,名古屋学芸大学,日進市岩崎町竹ノ山５７番地,4700196 ,2021-01-20,,2499,
F123310106880,F1,23,3,1,日本赤十字豊田看護大学,豊田市白山町七曲１２番３３,4718565,2021-01-20,,2501,
F123310106899,F1,23,3,1,修文大学,一宮市日光町６番地,4910938,2021-01-20,,2502,
F123310106906,F1,23,3,1,岡崎女子大学,岡崎市中町１－８－４,4440015,2021-01-20,,2503,
F123310106915,F1,23,3,1,一宮研伸大学,一宮市常願通５－４－１,4910063,2021-01-20,,2504,
F123310106924,F1,23,3,1,名古屋柳城女子大学 ,名古屋市昭和区明月町2-54 ,4660034,2021-01-20,,2505,
F123310111883,F1,23,3,1,名古屋国際工科専門職大学,名古屋市中村区名駅４－２７－１,4500002,2021-05-27,,2506,
F223310106932,F2,23,3,1,豊橋創造大学短期大学部,豊橋市牛川町字松下２０－１,4405812,2021-01-20,,5463,
F223310106941,F2,23,3,1,愛知学院大学短期大学部,名古屋市千種区楠元町１－１００,4640037,2021-01-20,,5464,
F223310106950,F2,23,3,1,名古屋文理大学短期大学部,名古屋市西区笹塚町２－１,4510077,2021-01-20,,5471,
F223310106969,F2,23,3,1,名古屋女子大学短期大学部,名古屋市瑞穂区汐路町３－４０,4678610,2021-01-20,,5473,
F223310106978,F2,23,3,1,名古屋短期大学,豊明市栄町武侍４８,4701161,2021-01-20,,5475,
F223310106987,F2,23,3,9,南山大学短期大学部,名古屋市昭和区山里町１８,4668673,2021-01-20,2021-05-27,5476,
F223310106996,F2,23,3,1,愛知みずほ短期大学,名古屋市瑞穂区春敲町２－１３,4670867,2021-01-20,,5478,
F223310107003,F2,23,3,1,名古屋柳城短期大学,名古屋市昭和区明月町２－５４,4660034,2021-01-20,,5480,
F223310107012,F2,23,3,1,名古屋文化短期大学,名古屋市東区葵１－１７－８,4618610,2021-01-20,,5481,
F223310107021,F2,23,3,1,愛知産業大学短期大学,岡崎市岡町字原山１２－５,4440005,2021-01-20,,5484,
F223310107030,F2,23,3,1,愛知工科大学自動車短期大学,蒲郡市西迫町馬乗５０番地２,4430047,2021-01-20,,5485,
F223310107049,F2,23,3,1,愛知大学短期大学部,豊橋市町畑町字町畑１－１,4418522,2021-01-20,,5489,
F223310107058,F2,23,3,1,愛知学泉短期大学,岡崎市舳越町字上川成２８,4440902,2021-01-20,,5490,
F223310107067,F2,23,3,1,修文大学短期大学部,一宮市日光町６,4910938,2021-01-20,,5491,
F223310107076,F2,23,3,1,愛知文教女子短期大学,稲沢市稲葉２－９－１７,4928521,2021-01-20,,5493,
F223310107085,F2,23,3,1,岡崎女子短期大学,岡崎市中町１－８－４,4440015,2021-01-20,,5494,
F223310107094,F2,23,3,1,至学館大学短期大学部,大府市横根町名高山５５,4740011,2021-01-20,,5495,
F223310107101,F2,23,3,1,名古屋経営短期大学,尾張旭市新居町山の田３２５５の５,4880076,2021-01-20,,5498,
F223310107110,F2,23,3,1,愛知江南短期大学,江南市高屋町大松原１７２,4838086,2021-01-20,,5501,
F223310107129,F2,23,3,1,愛知医療学院短期大学,清須市一場神明前５１９,4520931,2021-01-20,,5506,
G123110107131,G1,23,1,1,豊田工業高等専門学校,豊田市栄生町２－１,4710067,2021-01-20,,6604,
F124110107141,F1,24,1,1,三重大学,津市栗真町屋町1577,5148507,2021-01-20,,0272,
F124210107158,F1,24,2,1,三重県立看護大学,津市夢が丘一丁目１－１,5140116,2021-01-20,,1215,
F124310107165,F1,24,3,1,四日市大学,四日市市萱生町１２００,5128512,2021-01-20,,2498,
F124310107174,F1,24,3,1,皇學館大学,伊勢市神田久志本町１７０４,5168555,2021-01-20,,2517,
F124310107183,F1,24,3,1,鈴鹿医療科学大学,鈴鹿市岸岡町１００１－１,5100293,2021-01-20,,2518,
F124310107192,F1,24,3,1,鈴鹿大学,鈴鹿市郡山町６６３－２２２,5100298,2021-01-20,,2519,
F124310107209,F1,24,3,1,四日市看護医療大学,四日市市萱生町１２００番地,5128045,2021-01-20,,2520,
F224210107219,F2,24,2,1,三重短期大学,津市一身田中野１５７,5140112,2021-01-20,,4480,
F224310107226,F2,24,3,1,鈴鹿大学短期大学部,鈴鹿市郡山町６６３－２２２,5100298,2021-01-20,,5519,
F224310107235,F2,24,3,1,高田短期大学,津市一身田豊野１９５,5140115,2021-01-20,,5520,
F224310107244,F2,24,3,1,ユマニテク短期大学,四日市市南浜田町４－２１,5100066,2021-01-20,,5522,
G124110107256,G1,24,1,1,鈴鹿工業高等専門学校,鈴鹿市白子町,5100294,2021-01-20,,6608,
G124110107265,G1,24,1,1,鳥羽商船高等専門学校,鳥羽市池上町１－１,5178501,2021-01-20,,6612,
G124310107270,G1,24,3,1,近畿大学工業高等専門学校,名張市春日丘７番町１番地,5180459,2021-01-20,,8517,
F125110107284,F1,25,1,1,滋賀大学,彦根市馬場１－１－１,5228522,2021-01-20,,0276,
F125110107293,F1,25,1,1,滋賀医科大学,大津市瀬田月輪町,5202121,2021-01-20,,0420,
F125210107308,F1,25,2,1,滋賀県立大学,彦根市八坂町２５００,5228533,2021-01-20,,1216,
F125310107315,F1,25,3,1,成安造形大学,大津市仰木の里東４－３－１,5200248,2021-01-20,,2525,
F125310107324,F1,25,3,1,聖泉大学,彦根市肥田町７２０番地,5211123,2021-01-20,,2527,
F125310107333,F1,25,3,1,長浜バイオ大学,長浜市田村町１２６６番地,5260829,2021-01-20,,2528,
F125310107342,F1,25,3,1,びわこ成蹊スポーツ大学,大津市北比良１２０４番地,5200503,2021-01-20,,2529,
F125310107351,F1,25,3,1,びわこ学院大学,東近江市布施町29番地,5270081,2021-01-20,,2530,
F125310107360,F1,25,3,1,びわこリハビリテーション専門職大学 ,東近江市北坂町967 ,5270145,2021-01-20,,2531,
F225310107378,F2,25,3,1,滋賀文教短期大学,長浜市田村町３３５,5260829,2021-01-20,,5433,
F225310107387,F2,25,3,1,滋賀短期大学,大津市竜が丘２４－４,5200803,2021-01-20,,5502,
F225310107396,F2,25,3,1,びわこ学院大学短期大学部,東近江市布施町２９,5270081,2021-01-20,,5504,
F126110107407,F1,26,1,1,京都大学,京都市左京区吉田本町,6068501,2021-01-20,,0280,
F126110107416,F1,26,1,1,京都教育大学,京都市伏見区深草藤森町１,6120863,2021-01-20,,0284,
F126110107425,F1,26,1,1,京都工芸繊維大学,京都市左京区松ヶ崎橋上町,6060951,2021-01-20,,0288,
F126210107432,F1,26,2,1,京都市立芸術大学,京都市西京区大枝沓掛町１３－６,6101197,2021-01-20,,1220,
F126210107441,F1,26,2,1,京都府立大学,京都市左京区下鴨半木町１－５,6068522,2021-01-20,,1224,
F126210107450,F1,26,2,1,京都府立医科大学,京都市上京区河原町通広小路上る梶井町４６５,6020841,2021-01-20,,1228,
F126210107469,F1,26,2,1,福知山公立大学,福知山市字堀３３７０番地,6200866,2021-01-20,,1229,
F126310107476,F1,26,3,1,平安女学院大学,京都市上京区烏丸通下立売西入,6028013,2021-01-20,,2526,
F126310107485,F1,26,3,1,大谷大学,京都市北区小山上総町,6038143,2021-01-20,,2539,
F126310107494,F1,26,3,1,京都外国語大学,京都市右京区西院笠目町６,6158558,2021-01-20,,2540,
F126310107500,F1,26,3,1,京都産業大学,京都市北区上賀茂本山,6038555,2021-01-20,,2541,
F126310107519,F1,26,3,1,京都女子大学,京都市東山区今熊野北日吉町３５,6058501,2021-01-20,,2542,
F126310107528,F1,26,3,1,京都薬科大学,京都市山科区御陵中内町５,6078414,2021-01-20,,2543,
F126310107537,F1,26,3,1,京都光華女子大学,京都市右京区西京極葛野町３８,6150882,2021-01-20,,2544,
F126310107546,F1,26,3,1,種智院大学,京都市伏見区向島西定請７０,6128156,2021-01-20,,2545,
F126310107555,F1,26,3,1,京都橘大学,京都市山科区大宅山田町３４,6078175,2021-01-20,,2546,
F126310107564,F1,26,3,1,同志社大学,京都市上京区今出川通烏丸東入ル玄武町６０１,6020893,2021-01-20,,2547,
F126310107573,F1,26,3,1,同志社女子大学,京田辺市興戸南鉾立９７－１,6100395,2021-01-20,,2548,
F126310107582,F1,26,3,1,京都ノートルダム女子大学,京都市左京区下鴨南野々神町１,6060847,2021-01-20,,2549,
F126310107591,F1,26,3,1,花園大学,京都市中京区西ノ京壺ノ内町８－１,6048456,2021-01-20,,2550,
F126310107608,F1,26,3,1,佛教大学,京都市北区紫野北花ノ坊町９６,6038301,2021-01-20,,2551,
F126310107617,F1,26,3,1,立命館大学,京都市中京区西ノ京東栂尾町8,6048520,2021-01-20,,2552,
F126310107626,F1,26,3,1,龍谷大学,京都市伏見区深草塚本町６７,6128577,2021-01-20,,2553,
F126310107635,F1,26,3,1,京都先端科学大学,京都市右京区山ノ内五反田町１８番地,6158577,2021-01-20,,2554,
F126310107644,F1,26,3,1,京都精華大学,京都市左京区岩倉木野町１３７,6068588,2021-01-20,,2555,
F126310107653,F1,26,3,1,明治国際医療大学,南丹市日吉町保野田ヒノ谷6番地1,6290392,2021-01-20,,2556,
F126310107662,F1,26,3,1,京都芸術大学,京都市左京区北白川瓜生山２－１１６,6068271,2021-01-20,,2557,
F126310107671,F1,26,3,1,京都文教大学,宇治市槙島町千足８０,6110041,2021-01-20,,2558,
F126310107680,F1,26,3,1,嵯峨美術大学,京都市右京区嵯峨五島町１番地,6168362,2021-01-20,,2560,
F126310107699,F1,26,3,1,京都情報大学院大学,京都市左京区田中門前町７番地,6068225,2021-01-20,,2561,
F126310107706,F1,26,3,1,京都医療科学大学,南丹市園部町小山東町今北１番３,6220041,2021-01-20,,2562,
F126310107715,F1,26,3,1,京都華頂大学,京都市東山区林下町３－４５６,6050062,2021-01-20,,2563,
F126310107724,F1,26,3,1,京都美術工芸大学,京都市東山区鞘町通正面下る上堀詰町２７２番地１,6050991,2021-01-20,,2564,
F126310107733,F1,26,3,1,京都看護大学,京都市中京区壬生東高田町１－２１,6048845,2021-01-20,,2565,
F226310107741,F2,26,3,1,京都経済短期大学,京都市西京区大枝東長町３番の１,6101195,2021-01-20,,5538,
F226310107750,F2,26,3,1,池坊短期大学,京都市下京区室町通四条下ル鶏鉾町４９１,6008491,2021-01-20,,5539,
F226310107769,F2,26,3,9,大谷大学短期大学部,京都市北区小山上総町,6038143,2021-01-20,2022-05-01,5540,
F226310107778,F2,26,3,1,華頂短期大学,京都市東山区林下町３－４５６,6050062,2021-01-20,,5541,
F226310107787,F2,26,3,1,京都外国語短期大学,京都市右京区西院笠目町６,6158558,2021-01-20,,5542,
F226310107796,F2,26,3,1,京都光華女子大学短期大学部,京都市右京区西京極葛野町３８,6150882,2021-01-20,,5545,
F226310107803,F2,26,3,1,龍谷大学短期大学部,京都市伏見区深草塚本町６７,6128577,2021-01-20,,5548,
F226310107812,F2,26,3,1,京都文教短期大学,宇治市槙島町千足８０,6110041,2021-01-20,,5561,
F226310107821,F2,26,3,1,京都西山短期大学,長岡京市粟生西条２６,6170811,2021-01-20,,5563,
F226310107830,F2,26,3,1,嵯峨美術短期大学,京都市右京区嵯峨五島町１番地,6168362,2021-01-20,,5564,
G126110107842,G1,26,1,1,舞鶴工業高等専門学校,舞鶴市字白屋２３４,6258511,2021-01-20,,6624,
F127110107852,F1,27,1,1,大阪大学,吹田市山田丘１－１,5650871,2021-01-20,,0292,
F127110107861,F1,27,1,1,大阪教育大学,柏原市旭ケ丘４－６９８－１,5820026,2021-01-20,,0300,
F127210107878,F1,27,2,1,大阪市立大学,大阪市住吉区杉本３－３－１３８,5588585,2021-01-20,,1236,
F127210107887,F1,27,2,1,大阪府立大学,堺市中区学園町１番１号,5998531,2021-01-20,,1243,
F127210111989,F1,27,2,1,大阪公立大学,大阪市阿倍野区旭町一丁目２番７－６０１号,5450051,2022-05-01,,,
F127310107894,F1,27,3,1,大阪経済大学,大阪市東淀川区大隅２－２－８,5330015,2021-01-20,,2577,
F127310107901,F1,27,3,1,大阪工業大学,大阪市旭区大宮５－１６－１,5358585,2021-01-20,,2578,
F127310107910,F1,27,3,1,大阪歯科大学,枚方市楠葉花園町８－１,5731121,2021-01-20,,2579,
F127310107929,F1,27,3,1,相愛大学,大阪市住之江区南港中４－４－１,5590033,2021-01-20,,2580,
F127310107938,F1,27,3,1,桃山学院大学,和泉市まなび野１－１,5941198,2021-01-20,,2581,
F127310107947,F1,27,3,1,摂南大学,寝屋川市池田中町１７－８,5720074,2021-01-20,,2582,
F127310107956,F1,27,3,1,桃山学院教育大学,堺市南区槇塚台４－５－１,5900114,2021-01-20,,2583,
F127310107965,F1,27,3,1,大阪医科薬科大学,高槻市大学町２－７,5698686,2021-01-20,,2602,
F127310107974,F1,27,3,1,大阪音楽大学,豊中市庄内幸町１－１－８,5618555,2021-01-20,,2603,
F127310107983,F1,27,3,1,大阪学院大学,吹田市岸部南２－３６－１,5648511,2021-01-20,,2604,
F127310107992,F1,27,3,1,大阪芸術大学,南河内郡河南町東山４６９,5858555,2021-01-20,,2605,
F127310108009,F1,27,3,1,大阪産業大学,大東市中垣内３－１－１,5748530,2021-01-20,,2606,
F127310108018,F1,27,3,1,大阪樟蔭女子大学,東大阪市菱屋西４－２－２６,5770051,2021-01-20,,2607,
F127310108027,F1,27,3,1,大阪商業大学,東大阪市御厨栄町４－１－１０,5778505,2021-01-20,,2608,
F127310108036,F1,27,3,1,大阪体育大学,泉南郡熊取町朝代台１－１,5900496,2021-01-20,,2609,
F127310108045,F1,27,3,1,大阪電気通信大学,寝屋川市初町１８－８,5720833,2021-01-20,,2610,
F127310108054,F1,27,3,9,大阪薬科大学,高槻市奈佐原４－２０－１,5691041,2021-01-20,2021-05-27,2611,F127310107965
F127310108063,F1,27,3,1,大阪大谷大学,富田林市錦織北３－１１－１,5848540,2021-01-20,,2612,
F127310108072,F1,27,3,1,追手門学院大学,茨木市西安威2-1-15,5678502,2021-01-20,,2613,
F127310108081,F1,27,3,1,関西大学,吹田市山手町３－３－３５,5640073,2021-01-20,,2614,
F127310108090,F1,27,3,1,関西医科大学,枚方市新町2丁目5番1号,5731010,2021-01-20,,2615,
F127310108107,F1,27,3,1,関西外国語大学,枚方市中宮東之町１６－１,5731001,2021-01-20,,2616,
F127310108116,F1,27,3,1,近畿大学,東大阪市小若江３－４－１,5778502,2021-01-20,,2617,
F127310108125,F1,27,3,1,四天王寺大学,羽曳野市学園前３－２－１,5838501,2021-01-20,,2618,
F127310108134,F1,27,3,1,帝塚山学院大学,堺市南区晴美台４－２－２,5900113,2021-01-20,,2620,
F127310108143,F1,27,3,1,梅花女子大学,茨木市宿久庄２－１９－５,5678578,2021-01-20,,2621,
F127310108152,F1,27,3,1,阪南大学,松原市天美東５－４－３３,5808502,2021-01-20,,2622,
F127310108161,F1,27,3,1,大阪経済法科大学,八尾市楽音寺６－１０,5818511,2021-01-20,,2623,
F127310108170,F1,27,3,1,大阪国際大学,守口市藤田町６－２１－５７,5708555,2021-01-20,,2624,
F127310108189,F1,27,3,1,関西福祉科学大学,柏原市旭ケ丘３丁目１１－１,5820026,2021-01-20,,2625,
F127310108198,F1,27,3,1,太成学院大学,堺市美原区平尾１０６０－１,5878555,2021-01-20,,2626,
F127310108205,F1,27,3,1,常磐会学園大学,大阪市平野区喜連東１－４－１２,5470021,2021-01-20,,2627,
F127310108214,F1,27,3,1,大阪観光大学,泉南郡熊取町大久保南５丁目３番１号,5900493,2021-01-20,,2628,
F127310108223,F1,27,3,1,大阪人間科学大学,摂津市正雀１丁目４番１号,5668501,2021-01-20,,2629,
F127310108232,F1,27,3,1,羽衣国際大学,堺市西区浜寺南町１丁８９の１,5928344,2021-01-20,,2630,
F127310108241,F1,27,3,1,大阪成蹊大学,大阪市東淀川区相川３－１０－６２,5330007,2021-01-20,,2631,
F127310108250,F1,27,3,1,関西医療大学,泉南郡熊取町若葉２丁目１１番１号,5900433,2021-01-20,,2632,
F127310108269,F1,27,3,1,千里金蘭大学,吹田市藤白台５丁目２５番１号,5650873,2021-01-20,,2633,
F127310108278,F1,27,3,1,東大阪大学,東大阪市西堤学園町３丁目１番１号,5770044,2021-01-20,,2634,
F127310108287,F1,27,3,1,大阪女学院大学,大阪市中央区玉造２丁目２６番５４号,5400004,2021-01-20,,2635,
F127310108296,F1,27,3,1,藍野大学,茨木市東太田４丁目５番４号,5670012,2021-01-20,,2636,
F127310108303,F1,27,3,1,大阪青山大学,箕面市新稲２丁目１１番１号,5620005,2021-01-20,,2637,
F127310108312,F1,27,3,1,四條畷学園大学,大東市北条５丁目１１番１０号,5740011,2021-01-20,,2638,
F127310108321,F1,27,3,1,大阪河﨑リハビリテーション大学,貝塚市水間１５８番地,5970104,2021-01-20,,2639,
F127310108330,F1,27,3,1,大阪総合保育大学,大阪市東住吉区湯里６丁目４番２６号,5460013,2021-01-20,,2640,
F127310108349,F1,27,3,1,森ノ宮医療大学,大阪市住之江区南港北１－２６－１６,5598611,2021-01-20,,2642,
F127310108358,F1,27,3,1,大阪保健医療大学,大阪市北区天満１丁目９番２７号,5300043,2021-01-20,,2654,
F127310108367,F1,27,3,1,大阪物療大学,堺市西区鳳北町３丁３３,5938328,2021-01-20,,2656,
F127310108376,F1,27,3,1,滋慶医療科学大学,大阪市淀川区宮原１丁目２番８号,5320003,2021-01-20,,2657,
F127310108385,F1,27,3,1,大阪行岡医療大学,茨木市総持寺１－１－４１,5670801,2021-01-20,,2658,
F127310108394,F1,27,3,1,大和大学,吹田市片山町２－５－１,5640082,2021-01-20,,2659,
F127310108900,F1,27,3,1,宝塚大学,大阪市北区芝田１－１３－１６,5300012,2021-05-27,,2676,
F127310111898,F1,27,3,1,大阪国際工科専門職大学,大阪市北区梅田３－３－１,5300001,2021-05-27,,2660,
F127310111950,F1,27,3,1,大阪信愛学院大学,大阪市城東区古市２丁目７番３０号,5368585,2022-05-01,,,
F227310108400,F2,27,3,9,平安女学院大学短期大学部,高槻市南平台５－８１－１,5691042,2021-01-20,2022-05-01,5547,
F227310108419,F2,27,3,1,大阪キリスト教短期大学,大阪市阿倍野区丸山通１－３－６１,5450042,2021-01-20,,5577,
F227310108428,F2,27,3,1,大阪城南女子短期大学,大阪市東住吉区湯里６－４－２６,5460013,2021-01-20,,5579,
F227310108437,F2,27,3,1,大阪夕陽丘学園短期大学,大阪市天王寺区生玉寺町７－７２,5430073,2021-01-20,,5580,
F227310108446,F2,27,3,1,大阪信愛学院短期大学,大阪市城東区古市２－７－３０,5360001,2021-01-20,,5581,
F227310108455,F2,27,3,1,大阪成蹊短期大学,大阪市東淀川区相川３－１０－６２,5330007,2021-01-20,,5582,
F227310108464,F2,27,3,1,大阪女学院短期大学,大阪市中央区玉造２－２６－５４,5400004,2021-01-20,,5583,
F227310108473,F2,27,3,1,関西外国語大学短期大学部,枚方市中宮東之町１６－１,5731001,2021-01-20,,5585,
F227310108482,F2,27,3,1,常磐会短期大学,大阪市平野区平野南４－６－７,5470031,2021-01-20,,5588,
F227310108491,F2,27,3,1,大阪芸術大学短期大学部,大阪市東住吉区矢田２－１４－１９,5460023,2021-01-20,,5589,
F227310108507,F2,27,3,9,プール学院短期大学,大阪市生野区勝山北１－１９－３１,5440033,2021-01-20,2022-05-01,5590,
F227310108516,F2,27,3,1,堺女子短期大学,堺市堺区浅香山町１－２－２０,5900012,2021-01-20,,5602,
F227310108525,F2,27,3,9,大阪青山大学短期大学部,箕面市新稲２－１１－１,5620005,2021-01-20,2022-05-01,5603,
F227310108534,F2,27,3,1,大阪音楽大学短期大学部,豊中市庄内幸町１－１－８,5618555,2021-01-20,,5604,
F227310108543,F2,27,3,1,大阪学院大学短期大学部,吹田市岸部南２－３７－１,5648511,2021-01-20,,5605,
F227310108552,F2,27,3,1,大阪千代田短期大学,河内長野市小山田町１６８５,5860004,2021-01-20,,5608,
F227310108561,F2,27,3,1,関西女子短期大学,柏原市旭ケ丘３－１１－１,5820026,2021-01-20,,5612,
F227310108570,F2,27,3,1,近畿大学短期大学部,東大阪市小若江３－４－１,5778502,2021-01-20,,5613,
F227310108589,F2,27,3,1,四條畷学園短期大学,大東市学園町６－４５,5740001,2021-01-20,,5616,
F227310108598,F2,27,3,1,四天王寺大学短期大学部,羽曳野市学園前３－２－１,583-8501,2021-01-20,,5617,
F227310108605,F2,27,3,1,大阪国際大学短期大学部,守口市藤田町６－２１－５７,5700014,2021-01-20,,5620,
F227310108614,F2,27,3,1,東大阪大学短期大学部,東大阪市西堤学園町３丁目１番１号,5770044,2021-01-20,,5623,
F227310108623,F2,27,3,1,藍野大学短期大学部,茨木市太田３－９－２５,5670018,2021-01-20,,5625,
F227310108632,F2,27,3,1,大阪健康福祉短期大学,堺市南区高倉台１丁２－１,5900117,2021-01-20,,5629,
G127210108642,G1,27,2,1,大阪公立大学工業高等専門学校,寝屋川市幸町２６－１２,5720017,2021-01-20,,7120,
F128110108654,F1,28,1,1,神戸大学,神戸市灘区六甲台町１－１,6578501,2021-01-20,,0304,
F128110108663,F1,28,1,1,兵庫教育大学,加東市下久米９４２－１,6731494,2021-01-20,,0464,
F128210108670,F1,28,2,1,神戸市外国語大学,神戸市西区学園東町９－１,6512187,2021-01-20,,1248,
F128210108689,F1,28,2,1,神戸市看護大学,神戸市西区学園西町３－４,6512103,2021-01-20,,1258,
F128210108698,F1,28,2,1,兵庫県立大学,神戸市西区学園西町８－２－１,6512197,2021-01-20,,1263,
F128210111906,F1,28,2,1,芸術文化観光専門職大学,豊岡市山王町7-52,6680044,2021-05-27,,1269,
F128310108703,F1,28,3,1,甲南大学,神戸市東灘区岡本８－９－１,6580072,2021-01-20,,2643,
F128310108712,F1,28,3,1,甲南女子大学,神戸市東灘区森北町６－２－２３,6580001,2021-01-20,,2644,
F128310108721,F1,28,3,1,神戸海星女子学院大学,神戸市灘区青谷町２－７－１,6570805,2021-01-20,,2645,
F128310108730,F1,28,3,1,神戸学院大学,神戸市中央区港島１－１－３,6508586,2021-01-20,,2646,
F128310108749,F1,28,3,1,神戸女子大学,神戸市須磨区東須磨青山２－１,6540018,2021-01-20,,2647,
F128310108758,F1,28,3,1,神戸薬科大学,神戸市東灘区本山北町４－１９－１,6588558,2021-01-20,,2648,
F128310108767,F1,28,3,1,神戸松蔭女子学院大学,神戸市灘区篠原伯母野山町１－２－１,6570015,2021-01-20,,2649,
F128310108776,F1,28,3,1,神戸親和女子大学,神戸市北区鈴蘭台北町７－１３－１,6511111,2021-01-20,,2650,
F128310108785,F1,28,3,1,神戸国際大学,神戸市東灘区向洋町中９－１－６,6580032,2021-01-20,,2651,
F128310108794,F1,28,3,1,兵庫大学,加古川市平岡町新在家２３０１,6750101,2021-01-20,,2652,
F128310108801,F1,28,3,1,神戸常盤大学,神戸市長田区大谷町２丁目６番２号,6530838,2021-01-20,,2653,
F128310108810,F1,28,3,1,宝塚医療大学,宝塚市花屋敷緑ガ丘１,6660162,2021-01-20,,2655,
F128310108829,F1,28,3,1,芦屋大学,芦屋市六麓荘町１３－２２,6598511,2021-01-20,,2666,
F128310108838,F1,28,3,1,大手前大学,西宮市御茶家所町６－４２,6628552,2021-01-20,,2668,
F128310108847,F1,28,3,1,関西学院大学,西宮市上ケ原一番町１－１５５,6628501,2021-01-20,,2669,
F128310108856,F1,28,3,1,甲子園大学,宝塚市紅葉ガ丘１０－１,6650006,2021-01-20,,2670,
F128310108865,F1,28,3,1,神戸女学院大学,西宮市岡田山４－１,6628505,2021-01-20,,2671,
F128310108874,F1,28,3,1,園田学園女子大学,尼崎市南塚口町７－２９－１,6610012,2021-01-20,,2673,
F128310108883,F1,28,3,1,武庫川女子大学,西宮市池開町６－４６,6638558,2021-01-20,,2674,
F128310108892,F1,28,3,1,兵庫医科大学,西宮市武庫川町１－１,6638501,2021-01-20,,2675,
F128310108909,F1,28,3,9,宝塚大学,宝塚市花屋敷つつじガ丘７－２７,6650803,2021-01-20,2021-05-27,2676,F127310108900
F128310108918,F1,28,3,1,姫路獨協大学,姫路市上大野７－２－１,6708524,2021-01-20,,2677,
F128310108927,F1,28,3,1,流通科学大学,神戸市西区学園西町３－１,6512188,2021-01-20,,2678,
F128310108936,F1,28,3,1,神戸芸術工科大学,神戸市西区学園西町８－１－１,6512196,2021-01-20,,2679,
F128310108945,F1,28,3,1,関西福祉大学,赤穂市新田字釜家後３８０の３,6780255,2021-01-20,,2680,
F128310108954,F1,28,3,1,関西国際大学,三木市志染町青山１丁目１８,6730521,2021-01-20,,2681,
F128310108963,F1,28,3,1,神戸医療未来大学,神崎郡福崎町高岡字塩田１９６６番地の５,6792217,2021-01-20,,2683,
F128310108972,F1,28,3,1,神戸情報大学院大学,神戸市中央区加納町２丁目２番７号,6500001,2021-01-20,,2685,
F128310108981,F1,28,3,1,関西看護医療大学,淡路市志筑字船橋１４５６番４号,6562131,2021-01-20,,2686,
F128310108990,F1,28,3,9,兵庫医療大学,神戸市中央区港島１丁目３番６,6508530,2021-01-20,2022-05-01,2688,F128310108892
F128310109007,F1,28,3,1,姫路大学,姫路市大塩町２０４２番２,6710101,2021-01-20,,2689,
F228310109015,F2,28,3,1,大手前短期大学,西宮市御茶家所町６－４２,6628552,2021-01-20,,5584,
F228310109024,F2,28,3,1,神戸女子短期大学,神戸市中央区港島中町４－７－２,6500046,2021-01-20,,5646,
F228310109033,F2,28,3,1,神戸常盤大学短期大学部,神戸市長田区大谷町２－６－２,6530838,2021-01-20,,5647,
F228310109042,F2,28,3,9,神戸山手短期大学,神戸市中央区諏訪山町３－１,6500006,2021-01-20,2021-05-27,5648,
F228310109051,F2,28,3,1,頌栄短期大学,神戸市東灘区御影山手１－１８－１,6580065,2021-01-20,,5650,
F228310109060,F2,28,3,9,芦屋学園短期大学,芦屋市六麓荘町１４－１０,6598511,2021-01-20,2021-05-27,5667,
F228310109079,F2,28,3,1,豊岡短期大学,豊岡市戸牧１６０,6688580,2021-01-20,,5669,
F228310109088,F2,28,3,1,甲子園短期大学,西宮市瓦林町４－２５,6638107,2021-01-20,,5671,
F228310109097,F2,28,3,1,神戸教育短期大学,神戸市長田区西山町2-3-3,6530862,2021-01-20,,5672,
F228310109104,F2,28,3,1,聖和短期大学,西宮市岡田山７－５４,6620827,2021-01-20,,5673,
F228310109113,F2,28,3,1,園田学園女子大学短期大学部,尼崎市南塚口町７－２９－１,6610012,2021-01-20,,5674,
F228310109122,F2,28,3,1,産業技術短期大学,尼崎市西昆陽１－２７－１,6610047,2021-01-20,,5675,
F228310109131,F2,28,3,1,東洋食品工業短期大学,川西市南花屋敷４－２３－２,6660026,2021-01-20,,5676,
F228310109140,F2,28,3,1,兵庫大学短期大学部,加古川市平岡町新在家２３０１,6750101,2021-01-20,,5677,
F228310109159,F2,28,3,1,湊川短期大学,三田市四ツ辻１４３０,6691342,2021-01-20,,5678,
F228310109168,F2,28,3,1,武庫川女子大学短期大学部,西宮市池開町６－４６,6638558,2021-01-20,,5679,
F228310109177,F2,28,3,1,姫路日ノ本短期大学,姫路市香寺町香呂８９０－１,6792151,2021-01-20,,5681,
G128110109189,G1,28,1,1,明石工業高等専門学校,明石市魚住町西岡６７９－３,6748501,2021-01-20,,6632,
G128210109196,G1,28,2,1,神戸市立工業高等専門学校,神戸市西区学園東町８－３,6512102,2021-01-20,,7130,
F129110109206,F1,29,1,1,奈良教育大学,奈良市高畑町,6308301,2021-01-20,,0312,
F129110109215,F1,29,1,1,奈良女子大学,奈良市北魚屋東町,6308506,2021-01-20,,0316,
F129110109224,F1,29,1,1,奈良先端科学技術大学院大学,生駒市高山町８９１６－５,6300192,2021-01-20,,0492,
F129210109231,F1,29,2,1,奈良県立医科大学,橿原市四条町８４０,6348521,2021-01-20,,1264,
F129210109240,F1,29,2,1,奈良県立大学,奈良市船橋町１０,6308258,2021-01-20,,1266,
F129310109257,F1,29,3,1,帝塚山大学,奈良市帝塚山７－１－１,6318501,2021-01-20,,2690,
F129310109266,F1,29,3,1,天理大学,天理市杣之内町１０５０,6328510,2021-01-20,,2691,
F129310109275,F1,29,3,1,奈良大学,奈良市山陵町１５００,6318502,2021-01-20,,2692,
F129310109284,F1,29,3,1,奈良学園大学,奈良市中登美ヶ丘３－１５－１,6318524,2021-01-20,,2693,
F129310109293,F1,29,3,1,畿央大学,北葛城郡広陵町馬見中四丁目２番２,6350832,2021-01-20,,2694,
F129310109300,F1,29,3,1,天理医療大学,天理市別所町８０－１,6320018,2021-01-20,,2695,
F229310109318,F2,29,3,1,奈良芸術短期大学,橿原市久米町２２２,6340063,2021-01-20,,5690,
F229310109327,F2,29,3,1,奈良佐保短期大学,奈良市鹿野園町８０６,6308425,2021-01-20,,5692,
F229310109336,F2,29,3,1,白鳳短期大学,北葛城郡王寺町葛下１丁目７－１７,6360011,2021-01-20,,5696,
G129110109348,G1,29,1,1,奈良工業高等専門学校,大和郡山市矢田町２２,6391080,2021-01-20,,6636,
F130110109356,F1,30,1,1,和歌山大学,和歌山市栄谷９３０,6408510,2021-01-20,,0320,
F130210109363,F1,30,2,1,和歌山県立医科大学,和歌山市紀三井寺８１１－１,6418509,2021-01-20,,1268,
F130310109370,F1,30,3,1,高野山大学,伊都郡高野町高野山３８５,6480211,2021-01-20,,2705,
F130310109389,F1,30,3,1,和歌山信愛大学,和歌山市住吉町１,6408022,2021-01-20,,2706,
F130310111919,F1,30,3,1,和歌山リハビリテーション専門職大学,和歌山市湊本町三丁目1番地,6408222,2021-05-27,,2707,
F230310109397,F2,30,3,1,和歌山信愛女子短期大学,和歌山市相坂７０２－２,6400341,2021-01-20,,5705,
G130110109407,G1,30,1,1,和歌山工業高等専門学校,御坊市名田町野島７７,6440023,2021-01-20,,6640,
F131110109417,F1,31,1,1,鳥取大学,鳥取市湖山町南４－１０１,6800945,2021-01-20,,0324,
F131210109424,F1,31,2,1,公立鳥取環境大学,鳥取市若葉台北一丁目１番１号,6891111,2021-01-20,,1272,
F131310109431,F1,31,3,1,鳥取看護大学,倉吉市福庭８５４,6828555,2021-01-20,,2711,
F231310109449,F2,31,3,1,鳥取短期大学,倉吉市福庭８５４,6828555,2021-01-20,,5713,
G131110109451,G1,31,1,1,米子工業高等専門学校,米子市彦名町４４４８,6830854,2021-01-20,,6644,
F132110109461,F1,32,1,1,島根大学,松江市西川津町1060,6908504,2021-01-20,,0512,
F132210109478,F1,32,2,1,島根県立大学,浜田市野原町２４３３番２,6970016,2021-01-20,,1277,
F232210109486,F2,32,2,1,島根県立大学短期大学部,松江市浜乃木7-24-2,6900044,2021-01-20,,4538,
G132110109496,G1,32,1,1,松江工業高等専門学校,松江市西生馬町１４－４,6900865,2021-01-20,,6648,
F133110109503,F1,33,1,1,岡山大学,岡山市北区津島中１－１－１,7008530,2021-01-20,,0332,
F133210109510,F1,33,2,1,岡山県立大学,総社市窪木１１１,7191112,2021-01-20,,1278,
F133210109529,F1,33,2,1,新見公立大学,新見市西方１２６３番地２,7188585,2021-01-20,,1279,
F133310109536,F1,33,3,1,吉備国際大学,高梁市伊賀町８,7168508,2021-01-20,,2725,
F133310109545,F1,33,3,1,岡山商科大学,岡山市北区津島京町２－１０－１,7008601,2021-01-20,,2726,
F133310109554,F1,33,3,1,岡山理科大学,岡山市北区理大町１－１,7000005,2021-01-20,,2727,
F133310109563,F1,33,3,1,くらしき作陽大学,倉敷市玉島長尾３５１５,7100292,2021-01-20,,2728,
F133310109572,F1,33,3,1,ノートルダム清心女子大学,岡山市北区伊福町２－１６－９,7008516,2021-01-20,,2729,
F133310109581,F1,33,3,1,川崎医科大学,倉敷市松島５７７,7010192,2021-01-20,,2730,
F133310109590,F1,33,3,1,就実大学,岡山市中区西川原１－６－１,7038516,2021-01-20,,2731,
F133310109607,F1,33,3,1,川崎医療福祉大学,倉敷市松島２８８,7010193,2021-01-20,,2732,
F133310109616,F1,33,3,1,山陽学園大学,岡山市中区平井１－１４－１,7038501,2021-01-20,,2733,
F133310109625,F1,33,3,1,倉敷芸術科学大学,倉敷市連島町西之浦２６４０,7128505,2021-01-20,,2734,
F133310109634,F1,33,3,1,岡山学院大学,倉敷市有城７８７番地,7108511,2021-01-20,,2735,
F133310109643,F1,33,3,1,中国学園大学,岡山市北区庭瀬８３番地,7010197,2021-01-20,,2736,
F133310109652,F1,33,3,1,環太平洋大学,岡山市瀬戸町観音寺７２１番地,7090863,2021-01-20,,2737,
F133310109661,F1,33,3,1,岡山医療専門職大学 ,岡山市北区大供3丁目2-18 ,7000913,2021-01-20,,2738,
F133310109670,F1,33,3,1,美作大学,津山市北園町５０,7088511,2021-01-20,,2743,
F233210109680,F2,33,2,1,倉敷市立短期大学,倉敷市児島稗田町１６０,7110937,2021-01-20,,4542,
F233210109699,F2,33,2,9,新見公立短期大学,新見市西方１２６３－２,7180017,2021-01-20,2021-05-27,4546,
F233310109704,F2,33,3,1,就実短期大学,岡山市中区西川原１－６－１,7038516,2021-01-20,,5726,
F233310109713,F2,33,3,1,岡山短期大学,倉敷市有城７８７番地,7108511,2021-01-20,,5727,
F233310109722,F2,33,3,1,作陽短期大学,倉敷市玉島長尾３５２４,7100292,2021-01-20,,5728,
F233310109731,F2,33,3,1,中国短期大学,岡山市北区庭瀬８３番地,7010197,2021-01-20,,5730,
F233310109740,F2,33,3,1,美作大学短期大学部,津山市北園町５０,7088511,2021-01-20,,5731,
F233310109759,F2,33,3,1,山陽学園短期大学,岡山市中区平井１－１４－１,7038501,2021-01-20,,5732,
F233310109768,F2,33,3,1,川崎医療短期大学,岡山市北区中山下二丁目1-70,7000821,2021-01-20,,5733,
G133110109770,G1,33,1,1,津山工業高等専門学校,津山市沼６２４－１,7080824,2021-01-20,,6652,
F134110109780,F1,34,1,1,広島大学,東広島市鏡山１－３－２,7300053,2021-01-20,,0336,
F134210109797,F1,34,2,1,県立広島大学,広島市南区宇品東１丁目１番７１号,7348558,2021-01-20,,1282,
F134210109804,F1,34,2,1,尾道市立大学,尾道市久山田町１６００番地２,7228506,2021-01-20,,1283,
F134210109813,F1,34,2,1,広島市立大学,広島市安佐南区大塚東３－４－１,7313194,2021-01-20,,1287,
F134210109822,F1,34,2,1,福山市立大学,福山市港町二丁目１９－１,7210964,2021-01-20,,1295,
F134210111926,F1,34,2,1,叡啓大学,広島市中区幟町1-5,7300016,2021-05-27,,1296,
F134310109839,F1,34,3,1,エリザベト音楽大学,広島市中区幟町４－１５,7300016,2021-01-20,,2744,
F134310109848,F1,34,3,1,広島経済大学,広島市安佐南区祇園５－３７－１,7310138,2021-01-20,,2745,
F134310109857,F1,34,3,1,広島工業大学,広島市佐伯区三宅２－１－１,7315193,2021-01-20,,2746,
F134310109866,F1,34,3,1,広島修道大学,広島市安佐南区大塚東１－１－１,7313195,2021-01-20,,2747,
F134310109875,F1,34,3,1,広島女学院大学,広島市東区牛田東４－１３－１,7320063,2021-01-20,,2748,
F134310109884,F1,34,3,1,広島国際学院大学,広島市安芸区中野６－２０－１,7390321,2021-01-20,,2749,
F134310109893,F1,34,3,1,広島文教大学,広島市安佐北区可部東１－２－１,7310222,2021-01-20,,2750,
F134310109900,F1,34,3,1,安田女子大学,広島市安佐南区安東６－１３－１,7310153,2021-01-20,,2751,
F134310109919,F1,34,3,1,福山大学,福山市東村町字三蔵９８５番地の１,7290292,2021-01-20,,2752,
F134310109928,F1,34,3,1,比治山大学,広島市東区牛田新町４－１－１,7328509,2021-01-20,,2753,
F134310109937,F1,34,3,1,福山平成大学,福山市御幸町大字上岩成字正戸１１７－１,7200001,2021-01-20,,2754,
F134310109946,F1,34,3,1,広島文化学園大学,呉市郷原学びの丘1-1-1 ,7370182,2021-01-20,,2755,
F134310109955,F1,34,3,1,広島国際大学,東広島市黒瀬学園台５５５－３６,7392695,2021-01-20,,2756,
F134310109964,F1,34,3,1,日本赤十字広島看護大学,廿日市市阿品台東１－２,7380052,2021-01-20,,2757,
F134310109973,F1,34,3,1,広島都市学園大学,広島市南区宇品西五丁目１３－１８,7340014,2021-01-20,,2759,
F234310109981,F2,34,3,1,山陽女子短期大学,廿日市市佐方本町１－１,7380003,2021-01-20,,5744,
F234310109990,F2,34,3,1,比治山大学短期大学部,広島市東区牛田新町４－１－１,7328509,2021-01-20,,5747,
F234310110005,F2,34,3,9,広島国際学院大学自動車短期大学部,広島市安芸区上瀬野町５１７－１,7390302,2021-01-20,2021-05-27,5750,
F234310110014,F2,34,3,1,広島文化学園短期大学,広島市安佐南区長束西３－５－１,7310136,2021-01-20,,5751,
F234310110023,F2,34,3,1,安田女子短期大学,広島市安佐南区安東６－１３－１,7310153,2021-01-20,,5754,
G134110110035,G1,34,1,1,呉工業高等専門学校,呉市阿賀南２－２－１１,7370004,2021-01-20,,6656,
G134110110044,G1,34,1,1,広島商船高等専門学校,豊田郡大崎上島町東野４２７２－１,7250231,2021-01-20,,6660,
F135110110054,F1,35,1,1,山口大学,山口市吉田１６７７－１,7538511,2021-01-20,,0340,
F135210110061,F1,35,2,1,下関市立大学,下関市大学町２－１－１,7510831,2021-01-20,,1288,
F135210110070,F1,35,2,1,山口県立大学,山口市桜畠３－２－１,7538502,2021-01-20,,1292,
F135210110089,F1,35,2,1,山陽小野田市立山口東京理科大学,山陽小野田市大学通１－１－１,7560884,2021-01-20,,1293,
F135210111961,F1,35,2,1,周南公立大学,周南市学園台８４３－４－２,7458566,2022-05-01,,,
F135310110096,F1,35,3,1,梅光学院大学,下関市向洋町１－１－１,7508511,2021-01-20,,2764,
F135310110103,F1,35,3,9,徳山大学,周南市学園台８４３－４－２,7458566,2021-01-20,2022-05-01,2765,F135210111961
F135310110112,F1,35,3,1,東亜大学,下関市一の宮学園町２－１,7510807,2021-01-20,,2766,
F135310110121,F1,35,3,1,至誠館大学,萩市椿東浦田5000,7588585,2021-01-20,,2768,
F135310110130,F1,35,3,1,宇部フロンティア大学,宇部市文京台二丁目１番１号,7550805,2021-01-20,,2769,
F135310110149,F1,35,3,1,山口学芸大学,山口市小郡みらい町一丁目7番1号,7540032,2021-01-20,,2770,
F235310110157,F2,35,3,1,宇部フロンティア大学短期大学部,宇部市文京台２－１－１,7550805,2021-01-20,,5764,
F235310110166,F2,35,3,1,下関短期大学,下関市桜山町１－１,7500035,2021-01-20,,5765,
F235310110175,F2,35,3,1,山口短期大学,防府市大字台道字大繁枝11346番の2,7471232,2021-01-20,,5768,
F235310110184,F2,35,3,1,山口芸術短期大学,山口市小郡みらい町一丁目7番1号,7540032,2021-01-20,,5769,
F235310110193,F2,35,3,1,岩国短期大学,岩国市尾津町２－２４－１８,7400032,2021-01-20,,5770,
G135110110203,G1,35,1,1,徳山工業高等専門学校,周南市学園台,7458585,2021-01-20,,6552,
G135110110212,G1,35,1,1,宇部工業高等専門学校,宇部市常盤台２－１４－１,7558555,2021-01-20,,6664,
G135110110221,G1,35,1,1,大島商船高等専門学校,大島郡周防大島町大字小松１０９１－１,7422193,2021-01-20,,6668,
F136110110231,F1,36,1,1,徳島大学,徳島市新蔵町２－２４,7708501,2021-01-20,,0344,
F136110110240,F1,36,1,1,鳴門教育大学,鳴門市鳴門町高島字中島７４８,7728502,2021-01-20,,0476,
F136310110255,F1,36,3,1,四国大学,徳島市応神町古川字戎子野１２３－１,7711192,2021-01-20,,2779,
F136310110264,F1,36,3,1,徳島文理大学,徳島市寺島本町東１丁目８,7708560,2021-01-20,,2780,
F236310110272,F2,36,3,1,四国大学短期大学部,徳島市応神町古川字戎子野１２３－１,7711192,2021-01-20,,5779,
F236310110281,F2,36,3,1,徳島文理大学短期大学部,徳島市寺島本町東１－８,7708560,2021-01-20,,5780,
F236310110290,F2,36,3,1,徳島工業短期大学,板野郡板野町犬伏字蓮花谷１００,7790108,2021-01-20,,5782,
G136110110300,G1,36,1,1,阿南工業高等専門学校,阿南市見能林町青木２６５,7740017,2021-01-20,,6672,
F137110110310,F1,37,1,1,香川大学,高松市幸町１－１,7608521,2021-01-20,,0516,
F137210110327,F1,37,2,1,香川県立保健医療大学,高松市牟礼町原２８１番地１,7610123,2021-01-20,,1300,
F137310110334,F1,37,3,1,四国学院大学,善通寺市文京町３－２－１,7650013,2021-01-20,,2790,
F137310110343,F1,37,3,1,高松大学,高松市春日町９６０,7610194,2021-01-20,,2791,
F237310110351,F2,37,3,1,香川短期大学,綾歌郡宇多津町浜一番丁１０,7690201,2021-01-20,,5791,
F237310110360,F2,37,3,1,高松短期大学,高松市春日町９６０,7610194,2021-01-20,,5794,
F237310111939,F2,37,3,1,せとうち観光専門職短期大学,高松市屋島西町2366-1,7610113,2021-05-27,,5795,
G137110110372,G1,37,1,1,香川高等専門学校,高松市勅使町３５５,7618058,2021-01-20,,6725,
F138110110382,F1,38,1,1,愛媛大学,松山市道後樋又１０－１３,7900825,2021-01-20,,0352,
F138210110399,F1,38,2,1,愛媛県立医療技術大学,伊予郡砥部町高尾田５４３番地,7912101,2021-01-20,,1305,
F138310110404,F1,38,3,1,松山大学,松山市文京町４－２,7900826,2021-01-20,,2803,
F138310110413,F1,38,3,1,聖カタリナ大学,松山市北条６６０,7992496,2021-01-20,,2804,
F138310110422,F1,38,3,1,松山東雲女子大学,松山市桑原３－２－１,7908531,2021-01-20,,2805,
F238310110430,F2,38,3,1,今治明徳短期大学,今治市矢田甲６８８,7940073,2021-01-20,,5803,
F238310110449,F2,38,3,1,環太平洋大学短期大学部,宇和島市伊吹町馬場４２１,7980022,2021-01-20,,5804,
F238310110458,F2,38,3,1,聖カタリナ大学短期大学部,松山市北条６６０,7992496,2021-01-20,,5806,
F238310110467,F2,38,3,1,松山東雲短期大学,松山市桑原３－２－１,7908531,2021-01-20,,5807,
F238310110476,F2,38,3,1,松山短期大学,松山市文京町４－２,7900826,2021-01-20,,5808,
G138110110488,G1,38,1,1,新居浜工業高等専門学校,新居浜市八雲町７－１,7920805,2021-01-20,,6680,
G138110110497,G1,38,1,1,弓削商船高等専門学校,越智郡上島町弓削下弓削１０００番地,7942593,2021-01-20,,6684,
F139110110504,F1,39,1,1,高知大学,高知市曙町２－５－１,7808520,2021-01-20,,0520,
F139210110511,F1,39,2,1,高知県立大学,高知市池２７５１－１,7818515,2021-01-20,,1308,
F139210110520,F1,39,2,1,高知工科大学,香美市土佐山田町宮ノ口１８５,7828502,2021-01-20,,1309,
F139310110537,F1,39,3,1,高知リハビリテーション専門職大学,土佐市高岡町乙１１３９－３,7811102,2021-01-20,,2811,
F139310110546,F1,39,3,1,高知学園大学,高知市旭天神町292番地26 ,7800955,2021-01-20,,2812,
F239310110554,F2,39,3,1,高知学園短期大学,高知市旭天神町292番地26 ,7800955,2021-01-20,,5820,
G139110110566,G1,39,1,1,高知工業高等専門学校,南国市物部乙２００番１,7838508,2021-01-20,,6688,
F140110110574,F1,40,1,1,九州工業大学,北九州市戸畑区仙水町１－１,8048550,2021-01-20,,0360,
F140110110583,F1,40,1,1,福岡教育大学,宗像市赤間文教町１－１,8114192,2021-01-20,,0364,
F140110110592,F1,40,1,1,九州大学,福岡市西区元岡７４４,8190395,2021-01-20,,0368,
F140210110607,F1,40,2,1,北九州市立大学,北九州市小倉南区北方４－２－１,8028577,2021-01-20,,1312,
F140210110616,F1,40,2,1,九州歯科大学,北九州市小倉北区真鶴２－６－１,8030844,2021-01-20,,1316,
F140210110625,F1,40,2,1,福岡女子大学,福岡市東区香住ケ丘１－１－１,8138529,2021-01-20,,1320,
F140210110634,F1,40,2,1,福岡県立大学,田川市大字伊田４３９５,8258585,2021-01-20,,1322,
F140310110641,F1,40,3,1,九州共立大学,北九州市八幡西区自由ケ丘１－８,8078585,2021-01-20,,2827,
F140310110650,F1,40,3,1,九州女子大学,北九州市八幡西区自由ヶ丘１－１,8070867,2021-01-20,,2828,
F140310110669,F1,40,3,1,九州国際大学,北九州市八幡東区平野１－６－１,8058512,2021-01-20,,2829,
F140310110678,F1,40,3,1,福岡歯科大学,福岡市早良区田村２－１５－１,8140193,2021-01-20,,2830,
F140310110687,F1,40,3,1,九州産業大学,福岡市東区松香台２－３－１,8130004,2021-01-20,,2847,
F140310110696,F1,40,3,1,久留米大学,久留米市旭町６７,8300011,2021-01-20,,2848,
F140310110703,F1,40,3,1,西南学院大学,福岡市早良区西新６－２－９２,8148511,2021-01-20,,2849,
F140310110712,F1,40,3,1,第一薬科大学,福岡市南区玉川町２２－１,8158511,2021-01-20,,2850,
F140310110721,F1,40,3,1,中村学園大学,福岡市城南区別府５－７－１,8140198,2021-01-20,,2852,
F140310110730,F1,40,3,1,西日本工業大学,京都郡苅田町新津１-11,8000394,2021-01-20,,2853,
F140310110749,F1,40,3,1,福岡大学,福岡市城南区七隈８－１９－１,8140180,2021-01-20,,2854,
F140310110758,F1,40,3,1,福岡工業大学,福岡市東区和白東３－３０－１,8110295,2021-01-20,,2855,
F140310110767,F1,40,3,1,日本経済大学,太宰府市五条３－１１－２５,8180197,2021-01-20,,2856,
F140310110776,F1,40,3,1,久留米工業大学,久留米市上津町２２２８－６６,8300052,2021-01-20,,2857,
F140310110785,F1,40,3,1,産業医科大学,北九州市八幡西区医生ケ丘１－１,8078555,2021-01-20,,2858,
F140310110794,F1,40,3,1,筑紫女学園大学,太宰府市石坂２－１２－１,8180192,2021-01-20,,2859,
F140310110801,F1,40,3,1,福岡女学院大学,福岡市南区曰佐３－４２－１,8111313,2021-01-20,,2860,
F140310110810,F1,40,3,1,西南女学院大学,北九州市小倉北区井堀１－３－５,8030835,2021-01-20,,2861,
F140310110829,F1,40,3,1,九州情報大学,太宰府市宰府６丁目３－１,8180117,2021-01-20,,2862,
F140310110838,F1,40,3,1,九州栄養福祉大学,北九州市小倉北区下到津五丁目１番１号,8038511,2021-01-20,,2864,
F140310110847,F1,40,3,1,日本赤十字九州国際看護大学,宗像市アスティ１丁目１番地,8114157,2021-01-20,,2865,
F140310110856,F1,40,3,1,聖マリア学院大学,久留米市津福本町４２２番地,8300047,2021-01-20,,2867,
F140310110865,F1,40,3,1,サイバー大学,福岡市東区香椎照葉三丁目2番1号シーマークビル3階,8130017,2021-01-20,,2868,
F140310110874,F1,40,3,1,福岡女学院看護大学,古賀市千鳥１丁目１番７号,8113113,2021-01-20,,2869,
F140310110883,F1,40,3,1,保健医療経営大学,みやま市瀬高町高柳字宮手９６０番地４,8350018,2021-01-20,,2870,
F140310110892,F1,40,3,1,純真学園大学,福岡市南区筑紫丘１－１－１,8158510,2021-01-20,,2872,
F140310110909,F1,40,3,1,福岡看護大学,福岡市早良区田村２－１５－１,8140193,2021-01-20,,2873,
F140310110918,F1,40,3,1,福岡国際医療福祉大学,福岡市早良区百道浜３－６－４０,8140001,2021-01-20,,2874,
F140310112006,F1,40,3,1,令和健康科学大学,福岡市東区和白丘２丁目１－１２,8110213,2022-05-01,,,
F240310110926,F2,40,3,1,折尾愛真短期大学,北九州市八幡西区堀川町１１－１,8070861,2021-01-20,,5827,
F240310110935,F2,40,3,1,九州女子短期大学,北九州市八幡西区自由ケ丘１,8070867,2021-01-20,,5828,
F240310110944,F2,40,3,1,西南女学院大学短期大学部,北九州市小倉北区井堀１－３－２,8030835,2021-01-20,,5830,
F240310110953,F2,40,3,1,東筑紫短期大学,北九州市小倉北区下到津五丁目１番１号,8038511,2021-01-20,,5831,
F240310110962,F2,40,3,1,福岡女子短期大学,太宰府市五条４－１６－１,8180193,2021-01-20,,5847,
F240310110971,F2,40,3,1,近畿大学九州短期大学,飯塚市菰田東１－５－３０,8200016,2021-01-20,,5849,
F240310110980,F2,40,3,1,久留米信愛短期大学,久留米市御井町２２７８－１,8398508,2021-01-20,,5851,
F240310110999,F2,40,3,1,香蘭女子短期大学,福岡市南区横手１－２－１,8111311,2021-01-20,,5852,
F240310111006,F2,40,3,1,純真短期大学,福岡市南区筑紫丘１－１－１,8158510,2021-01-20,,5853,
F240310111015,F2,40,3,1,精華女子短期大学,福岡市博多区南八幡町２－１２－１,8160086,2021-01-20,,5854,
F240310111024,F2,40,3,1,中村学園大学短期大学部,福岡市城南区別府５－７－１,8140104,2021-01-20,,5857,
F240310111033,F2,40,3,1,西日本短期大学,福岡市中央区福浜１－３－１,8100066,2021-01-20,,5858,
F240310111042,F2,40,3,1,福岡工業大学短期大学部,福岡市東区和白東３－３０－１,8110214,2021-01-20,,5859,
F240310111051,F2,40,3,1,福岡女学院大学短期大学部,福岡市南区曰佐３－４２－１,8111313,2021-01-20,,5860,
F240310111060,F2,40,3,1,九州産業大学造形短期大学部,福岡市東区松香台２－３－２,8130004,2021-01-20,,5862,
F240310111079,F2,40,3,1,九州大谷短期大学,筑後市蔵数字大谷４９５－１,8330054,2021-01-20,,5863,
F240310111088,F2,40,3,1,福岡こども短期大学,太宰府市五条３－１１－２５,8180125,2021-01-20,,5864,
F240310111097,F2,40,3,1,福岡医療短期大学,福岡市早良区田村２－１５－１,8140193,2021-01-20,,5869,
G140110111107,G1,40,1,1,久留米工業高等専門学校,久留米市小森野１－１－１,8308555 ,2021-01-20,,6692,
G140110111116,G1,40,1,1,有明工業高等専門学校,大牟田市東萩尾町１５０,8368585,2021-01-20,,6696,
G140110111125,G1,40,1,1,北九州工業高等専門学校,北九州市小倉南区志井５－２０－１,8020985,2021-01-20,,6700,
F141110111135,F1,41,1,1,佐賀大学,佐賀市本庄町１,8408502,2021-01-20,,0524,
F141310111140,F1,41,3,1,西九州大学,神埼市神埼町尾崎４４９０－９,8428585,2021-01-20,,2871,
F241310111158,F2,41,3,1,佐賀女子短期大学,佐賀市本庄町大字本庄１３１３,8408550,2021-01-20,,5871,
F241310111167,F2,41,3,1,西九州大学短期大学部,佐賀市神園３－１８－１５,8400806,2021-01-20,,5872,
F241310111176,F2,41,3,1,九州龍谷短期大学,鳥栖市村田町岩井手１３５０,8410072,2021-01-20,,5873,
F142110111189,F1,42,1,1,長崎大学,長崎市文教町１－１４,8528521,2021-01-20,,0380,
F142210111196,F1,42,2,1,長崎県立大学,佐世保市川下町１２３番地,8580914,2021-01-20,,1330,
F142310111201,F1,42,3,1,長崎総合科学大学,長崎市網場町５３６,8510193,2021-01-20,,2882,
F142310111210,F1,42,3,1,活水女子大学,長崎市東山手町１ー５０,8508515,2021-01-20,,2883,
F142310111229,F1,42,3,1,長崎純心大学,長崎市三ツ山町２３５,8528558,2021-01-20,,2884,
F142310111238,F1,42,3,1,長崎国際大学,佐世保市ハウステンボス町２８２５番７,8593298,2021-01-20,,2885,
F142310111247,F1,42,3,1,長崎外国語大学,西彼杵郡時津町元村郷１０１０番地１,8512196,2021-01-20,,2886,
F142310111256,F1,42,3,1,鎮西学院大学,諫早市西栄田町１２１２－１,8540082,2021-01-20,,2887,
F242310111264,F2,42,3,1,長崎女子短期大学,長崎市弥生町１９－１,8508512,2021-01-20,,5882,
F242310111273,F2,42,3,1,長崎短期大学,佐世保市椎木町６００,8580925,2021-01-20,,5884,
G142110111285,G1,42,1,1,佐世保工業高等専門学校,佐世保市沖新町１の１,8571193,2021-01-20,,6704,
F143110111295,F1,43,1,1,熊本大学,熊本市中央区黒髪２－３９－１,8608555,2021-01-20,,0384,
F143210111300,F1,43,2,1,熊本県立大学,熊本市東区月出３－１－１００,8628502,2021-01-20,,1332,
F143310111317,F1,43,3,1,崇城大学,熊本市西区池田４丁目２２番１号,8600082,2021-01-20,,2903,
F143310111326,F1,43,3,1,熊本学園大学,熊本市中央区大江２丁目５番１号,8628680,2021-01-20,,2904,
F143310111335,F1,43,3,1,尚絅大学,熊本市中央区九品寺２－６－７８,8628678,2021-01-20,,2905,
F143310111344,F1,43,3,1,九州ルーテル学院大学,熊本市中央区黒髪３丁目１２－１６,8608520,2021-01-20,,2906,
F143310111353,F1,43,3,1,九州看護福祉大学,玉名市富尾８８８,8650062,2021-01-20,,2907,
F143310111362,F1,43,3,1,平成音楽大学,上益城郡御船町大字滝川字東原１６５８番地,8613205,2021-01-20,,2908,
F143310111371,F1,43,3,1,熊本保健科学大学,熊本市北区和泉町亀の甲３２５番地,8615598,2021-01-20,,2909,
F243310111389,F2,43,3,1,尚絅大学短期大学部,熊本市中央区九品寺2-6-78,8620976,2021-01-20,,5905,
F243310111398,F2,43,3,1,中九州短期大学,八代市平山新町４４３８,8660074,2021-01-20,,5908,
G143110111408,G1,43,1,1,熊本高等専門学校,八代市平山新町２６２７,8660074,2021-01-20,,6729,
F144110111418,F1,44,1,1,大分大学,大分市大字旦野原７００番地,8701192,2021-01-20,,0528,
F144210111425,F1,44,2,1,大分県立看護科学大学,大分市廻栖野２９４４－９,8701201,2021-01-20,,1334,
F144310111432,F1,44,3,1,日本文理大学,大分市大字一木1727番地162,8700397,2021-01-20,,2914,
F144310111441,F1,44,3,1,別府大学,別府市大字北石垣８２,8748501,2021-01-20,,2915,
F144310111450,F1,44,3,1,立命館アジア太平洋大学,別府市十文字原１－１,8748577,2021-01-20,,2916,
F244210111460,F2,44,2,1,大分県立芸術文化短期大学,大分市上野丘東１－１１,8700833,2021-01-20,,4612,
F244310111477,F2,44,3,1,大分短期大学,大分市千代町３－３－８,8700033,2021-01-20,,5914,
F244310111486,F2,44,3,1,東九州短期大学,中津市一ツ松２１１,8710014,2021-01-20,,5916,
F244310111495,F2,44,3,1,別府溝部学園短期大学,別府市大字野田字通山７８,8740016,2021-01-20,,5917,
F244310111501,F2,44,3,1,別府大学短期大学部,別府市大字北石垣８２,8748501,2021-01-20,,5918,
G144110111513,G1,44,1,1,大分工業高等専門学校,大分市大字牧１６６６,8700152,2021-01-20,,6708,
F145110111523,F1,45,1,1,宮崎大学,宮崎市学園木花台西１丁目１番地,8892192,2021-01-20,,0532,
F145210111530,F1,45,2,1,宮崎公立大学,宮崎市船塚一丁目１－２,8808520,2021-01-20,,1336,
F145210111549,F1,45,2,1,宮崎県立看護大学,宮崎市まなび野３－５－１,8800929,2021-01-20,,1338,
F145310111556,F1,45,3,1,南九州大学,宮崎市霧島５丁目１番地２,8800032,2021-01-20,,2929,
F145310111565,F1,45,3,1,宮崎産業経営大学,宮崎市古城町丸尾１００,8800931,2021-01-20,,2930,
F145310111574,F1,45,3,1,宮崎国際大学,宮崎市清武町加納丙１４０５番地 ,8891605,2021-01-20,,2931,
F145310111583,F1,45,3,1,九州保健福祉大学,延岡市吉野町１７１４番１,8820072,2021-01-20,,2932,
F245310111591,F2,45,3,1,南九州短期大学,宮崎市霧島５丁目１番地２,8800032,2021-01-20,,5931,
F245310111608,F2,45,3,1,宮崎学園短期大学,宮崎市清武町加納丙１４１５番地,8891605,2021-01-20,,5932,
G145110111610,G1,45,1,1,都城工業高等専門学校,都城市吉尾町４７３－１,8858567,2021-01-20,,6712,
F146110111620,F1,46,1,1,鹿児島大学,鹿児島市郡元１－２１－２４,8900065,2021-01-20,,0396,
F146110111639,F1,46,1,1,鹿屋体育大学,鹿屋市白水町１,8912311,2021-01-20,,0480,
F146310111644,F1,46,3,1,鹿児島国際大学,鹿児島市坂之上８丁目３４番１号,8910197,2021-01-20,,2942,
F146310111653,F1,46,3,1,第一工科大学,霧島市国分中央1-10-2,8994395,2021-01-20,,2943,
F146310111662,F1,46,3,1,志學館大学,鹿児島市紫原1-59-1,8908504,2021-01-20,,2945,
F146310111671,F1,46,3,1,鹿児島純心女子大学,薩摩川内市天辰町２３６５,8950011,2021-01-20,,2946,
F246210111681,F2,46,2,1,鹿児島県立短期大学,鹿児島市下伊敷１－５２－１,8900005,2021-01-20,,4620,
F246310111698,F2,46,3,1,鹿児島純心女子短期大学,鹿児島市唐湊４－２２－１,8908525,2021-01-20,,5943,
F246310111705,F2,46,3,1,鹿児島女子短期大学,鹿児島市高麗町6-9,8908565,2021-01-20,,5944,
F246310111714,F2,46,3,1,第一幼児教育短期大学,霧島市中央1丁目10番2号,8994332,2021-01-20,,5946,
G146110111726,G1,46,1,1,鹿児島工業高等専門学校,霧島市隼人町真孝１４６０－１,8995193,2021-01-20,,6716,
F147110111736,F1,47,1,1,琉球大学,中頭郡西原町字千原１番地,9030213,2021-01-20,,0400,
F147210111743,F1,47,2,1,名桜大学,名護市字為又１２２０－１,9058585,2021-01-20,,1347,
F147210111752,F1,47,2,1,沖縄県立芸術大学,那覇市首里当蔵町１－４,9038602,2021-01-20,,1348,
F147210111761,F1,47,2,1,沖縄県立看護大学,那覇市与儀１丁目２４番１号,9020076,2021-01-20,,1349,
F147310111778,F1,47,3,1,沖縄科学技術大学院大学,国頭郡恩納村字谷茶１９１９－１,9040495,2021-01-20,,2952,
F147310111787,F1,47,3,1,沖縄国際大学,宜野湾市宜野湾２－６－１,9012701,2021-01-20,,2953,
F147310111796,F1,47,3,1,沖縄大学,那覇市字国場555,9028521,2021-01-20,,2954,
F147310111803,F1,47,3,1,沖縄キリスト教学院大学,中頭郡西原町字翁長７７７番地,9030207,2021-01-20,,2956,
F247310111811,F2,47,3,1,沖縄キリスト教短期大学,中頭郡西原町字翁長７７７番地,9030207,2021-01-20,,5953,
F247310111820,F2,47,3,1,沖縄女子短期大学,島尻郡与那原町東浜１番地,9011304,2021-01-20,,5954,
G147110111832,G1,47,1,1,沖縄工業高等専門学校,名護市字辺野古９０５,9052192,2021-01-20,,6732,
